{"features":[{"type":"Feature","properties":{"SCALERANK":1,"FEATURECLA":"Line of control (please verify)","NAME":null,"MIN_ZOOM":0,"FCLASS_ISO":"Unrecognized","FCLASS_US":null,"FCLASS_FR":null,"FCLASS_RU":null,"FCLASS_ES":null,"FCLASS_CN":"Unrecognized","FCLASS_TW":null,"FCLASS_IN":null,"FCLASS_NP":null,"FCLASS_PK":null,"FCLASS_DE":null,"FCLASS_GB":null,"FCLASS_BR":null,"FCLASS_IL":null,"FCLASS_PS":null,"FCLASS_SA":"Unrecognized","FCLASS_EG":"Unrecognized","FCLASS_MA":null,"FCLASS_PT":null,"FCLASS_AR":null,"FCLASS_JP":null,"FCLASS_KO":null,"FCLASS_VN":null,"FCLASS_TR":"International boundary (verify)","FCLASS_ID":null,"FCLASS_PL":null,"FCLASS_GR":"Unrecognized","FCLASS_IT":null,"FCLASS_NL":null,"FCLASS_SE":null,"FCLASS_BD":null,"FCLASS_UA":null,"NE_ID":1746708491,"BRK_A3":"B20","FCLASS_TLC":"International boundary (verify)"},"bbox":[32.712712,35.000345,34.004467,35.173125],"geometry":{"type":"LineString","coordinates":[[34.004467,35.06525],[33.96571,35.056775],[33.903285,35.085456],[33.86644,35.093595],[33.831971,35.067162],[33.792284,35.048197],[33.756937,35.039722],[33.725776,35.037319],[33.675392,35.017863],[33.614414,35.022746],[33.525685,35.038688],[33.475817,35.000345],[33.463829,35.004944],[33.455922,35.101424],[33.424244,35.14093],[33.383833,35.162712],[33.325542,35.153617],[33.248338,35.156924],[33.190977,35.173125],[33.077496,35.146175],[32.985925,35.11641],[32.919572,35.087833],[32.869446,35.089383],[32.784077,35.11579],[32.720205,35.145374],[32.712712,35.171058]]}},{"type":"Feature","properties":{"SCALERANK":1,"FEATURECLA":"International boundary (verify)","NAME":null,"MIN_ZOOM":0,"FCLASS_ISO":null,"FCLASS_US":null,"FCLASS_FR":null,"FCLASS_RU":null,"FCLASS_ES":null,"FCLASS_CN":null,"FCLASS_TW":null,"FCLASS_IN":null,"FCLASS_NP":null,"FCLASS_PK":null,"FCLASS_DE":null,"FCLASS_GB":null,"FCLASS_BR":null,"FCLASS_IL":null,"FCLASS_PS":null,"FCLASS_SA":null,"FCLASS_EG":null,"FCLASS_MA":null,"FCLASS_PT":null,"FCLASS_AR":null,"FCLASS_JP":null,"FCLASS_KO":null,"FCLASS_VN":null,"FCLASS_TR":null,"FCLASS_ID":null,"FCLASS_PL":null,"FCLASS_GR":null,"FCLASS_IT":null,"FCLASS_NL":null,"FCLASS_SE":null,"FCLASS_BD":null,"FCLASS_UA":null,"NE_ID":1746705363,"BRK_A3":null,"FCLASS_TLC":null},"bbox":[23.605257,51.265062,31.763364,52.108086],"geometry":{"type":"LineString","coordinates":[[23.605257,51.517915],[23.613784,51.525382],[23.608564,51.610493],[23.646702,51.628864],[23.706801,51.641318],[23.791706,51.637133],[23.864311,51.623981],[23.951179,51.585069],[23.978309,51.591322],[24.126827,51.664625],[24.280048,51.774721],[24.323766,51.838438],[24.361904,51.867532],[24.495177,51.883035],[24.611294,51.88952],[24.68514,51.888306],[24.866369,51.899106],[24.973804,51.911147],[25.066718,51.9305],[25.267223,51.93776],[25.580279,51.924738],[25.785796,51.923808],[25.925271,51.913524],[26.267059,51.855026],[26.394389,51.844433],[26.453404,51.813427],[26.566885,51.801903],[26.773488,51.77069],[26.952805,51.753999],[27.074141,51.76082],[27.141992,51.752035],[27.27015,51.613568],[27.29635,51.597394],[27.347613,51.594138],[27.452309,51.606101],[27.601344,51.601605],[27.689711,51.572434],[27.676792,51.489932],[27.700046,51.477995],[27.741284,51.482568],[27.788878,51.529155],[27.828824,51.577421],[27.858538,51.592407],[28.010776,51.559747],[28.080281,51.565018],[28.144412,51.601657],[28.183737,51.607858],[28.291638,51.581839],[28.42455,51.563623],[28.532088,51.562434],[28.599009,51.542642],[28.64774,51.456524],[28.69027,51.438876],[28.731301,51.433424],[28.793261,51.510345],[28.849537,51.540188],[28.927568,51.562176],[28.977694,51.571788],[29.013144,51.598918],[29.06079,51.625428],[29.102079,51.627521],[29.135617,51.617289],[29.17422,51.580624],[29.230495,51.497012],[29.298811,51.413038],[29.346509,51.382549],[29.469654,51.408335],[29.553163,51.434587],[29.706022,51.439548],[29.9088,51.457996],[30.063778,51.482026],[30.160774,51.477892],[30.21953,51.451201],[30.308982,51.399602],[30.333374,51.32555],[30.449542,51.274338],[30.544524,51.265062],[30.576925,51.318341],[30.632529,51.355419],[30.611703,51.406372],[30.602401,51.471225],[30.56075,51.53148],[30.532948,51.596334],[30.583901,51.68899],[30.639505,51.77007],[30.667307,51.814099],[30.755312,51.895179],[30.845642,51.953082],[30.980673,52.046177],[31.079323,52.076977],[31.168465,52.062921],[31.217971,52.050234],[31.346025,52.105373],[31.573711,52.108086],[31.763364,52.101084]]}},{"type":"Feature","properties":{"SCALERANK":1,"FEATURECLA":"International boundary (verify)","NAME":null,"MIN_ZOOM":0,"FCLASS_ISO":null,"FCLASS_US":null,"FCLASS_FR":null,"FCLASS_RU":null,"FCLASS_ES":null,"FCLASS_CN":null,"FCLASS_TW":null,"FCLASS_IN":null,"FCLASS_NP":null,"FCLASS_PK":null,"FCLASS_DE":null,"FCLASS_GB":null,"FCLASS_BR":null,"FCLASS_IL":null,"FCLASS_PS":null,"FCLASS_SA":null,"FCLASS_EG":null,"FCLASS_MA":null,"FCLASS_PT":null,"FCLASS_AR":null,"FCLASS_JP":null,"FCLASS_KO":null,"FCLASS_VN":null,"FCLASS_TR":null,"FCLASS_ID":null,"FCLASS_PL":null,"FCLASS_GR":null,"FCLASS_IT":null,"FCLASS_NL":null,"FCLASS_SE":null,"FCLASS_BD":null,"FCLASS_UA":null,"NE_ID":1746705381,"BRK_A3":null,"FCLASS_TLC":null},"bbox":[35.840738,33.415661,36.584982,34.678685],"geometry":{"type":"LineString","coordinates":[[35.840738,33.415661],[35.869108,33.431758],[35.914738,33.465374],[35.926521,33.500281],[35.967552,33.534594],[36.022225,33.562525],[36.034473,33.585056],[36.02667,33.597924],[35.971686,33.623116],[35.942385,33.667558],[35.96843,33.732412],[35.986155,33.752643],[36.018815,33.783933],[36.092247,33.831579],[36.149814,33.839485],[36.199372,33.839537],[36.283346,33.835609],[36.348562,33.827031],[36.365099,33.839356],[36.362825,33.855143],[36.282261,33.894185],[36.277817,33.92532],[36.297816,33.958651],[36.354918,34.011335],[36.422821,34.049834],[36.457548,34.05681],[36.535166,34.134325],[36.584982,34.221219],[36.504366,34.432369],[36.455532,34.466165],[36.376467,34.495182],[36.329907,34.4996],[36.32629,34.513346],[36.388611,34.566908],[36.43295,34.613495],[36.383909,34.657885],[36.296317,34.678685],[36.263554,34.632848],[36.151106,34.62861],[35.976233,34.629204]]}},{"type":"Feature","properties":{"SCALERANK":1,"FEATURECLA":"International boundary (verify)","NAME":null,"MIN_ZOOM":0,"FCLASS_ISO":null,"FCLASS_US":null,"FCLASS_FR":null,"FCLASS_RU":null,"FCLASS_ES":null,"FCLASS_CN":null,"FCLASS_TW":null,"FCLASS_IN":null,"FCLASS_NP":null,"FCLASS_PK":null,"FCLASS_DE":null,"FCLASS_GB":null,"FCLASS_BR":null,"FCLASS_IL":null,"FCLASS_PS":null,"FCLASS_SA":null,"FCLASS_EG":null,"FCLASS_MA":null,"FCLASS_PT":null,"FCLASS_AR":null,"FCLASS_JP":null,"FCLASS_KO":null,"FCLASS_VN":null,"FCLASS_TR":null,"FCLASS_ID":null,"FCLASS_PL":null,"FCLASS_GR":null,"FCLASS_IT":null,"FCLASS_NL":null,"FCLASS_SE":null,"FCLASS_BD":null,"FCLASS_UA":null,"NE_ID":1746705417,"BRK_A3":null,"FCLASS_TLC":null},"bbox":[23.484644,53.89299,26.77571,55.667507],"geometry":{"type":"LineString","coordinates":[[23.484644,53.939809],[23.55911,53.91981],[23.733673,53.912265],[23.872528,53.9357],[23.944461,53.938982],[24.008488,53.931644],[24.103935,53.945028],[24.19132,53.950454],[24.236588,53.919965],[24.317927,53.89299],[24.478537,53.93185],[24.620751,53.979832],[24.768184,53.974639],[24.789216,53.998229],[24.825648,54.118997],[24.869521,54.145171],[25.046048,54.133079],[25.111418,54.154938],[25.179528,54.214262],[25.283656,54.251263],[25.370576,54.251211],[25.461165,54.292785],[25.505606,54.264957],[25.527362,54.215141],[25.49739,54.175246],[25.510412,54.159614],[25.573044,54.139874],[25.680531,54.140468],[25.749261,54.156979],[25.765177,54.179794],[25.765074,54.221187],[25.748124,54.259686],[25.702597,54.292991],[25.616866,54.310096],[25.557541,54.31069],[25.547361,54.331826],[25.567618,54.377069],[25.620328,54.460397],[25.685182,54.535793],[25.724766,54.564241],[25.731691,54.590363],[25.723939,54.636019],[25.722492,54.717875],[25.780835,54.833268],[25.85928,54.919284],[25.964441,54.947163],[26.093012,54.962304],[26.175178,55.003284],[26.215847,55.050387],[26.231298,55.090152],[26.25078,55.124491],[26.29176,55.13958],[26.601198,55.130201],[26.648431,55.204202],[26.675044,55.224898],[26.73442,55.246757],[26.77571,55.273112],[26.760207,55.293344],[26.681297,55.306444],[26.495313,55.318019],[26.457641,55.342462],[26.469578,55.371943],[26.51924,55.44814],[26.566575,55.546481],[26.590863,55.622652],[26.59355,55.667507]]}},{"type":"Feature","properties":{"SCALERANK":1,"FEATURECLA":"International boundary (verify)","NAME":null,"MIN_ZOOM":0,"FCLASS_ISO":null,"FCLASS_US":null,"FCLASS_FR":null,"FCLASS_RU":null,"FCLASS_ES":null,"FCLASS_CN":null,"FCLASS_TW":null,"FCLASS_IN":null,"FCLASS_NP":null,"FCLASS_PK":null,"FCLASS_DE":null,"FCLASS_GB":null,"FCLASS_BR":null,"FCLASS_IL":null,"FCLASS_PS":null,"FCLASS_SA":null,"FCLASS_EG":null,"FCLASS_MA":null,"FCLASS_PT":null,"FCLASS_AR":null,"FCLASS_JP":null,"FCLASS_KO":null,"FCLASS_VN":null,"FCLASS_TR":null,"FCLASS_ID":null,"FCLASS_PL":null,"FCLASS_GR":null,"FCLASS_IT":null,"FCLASS_NL":null,"FCLASS_SE":null,"FCLASS_BD":null,"FCLASS_UA":null,"NE_ID":1746705449,"BRK_A3":null,"FCLASS_TLC":null},"bbox":[12.089733,48.766946,14.809412,51.037815],"geometry":{"type":"LineString","coordinates":[[13.814744,48.766946],[13.769889,48.815987],[13.684984,48.876707],[13.547628,48.959673],[13.440761,48.955591],[13.401177,48.977605],[13.383711,49.008094],[13.339114,49.060778],[13.288781,49.097443],[13.227854,49.11168],[13.140521,49.158343],[13.023733,49.260094],[12.916659,49.330478],[12.813409,49.329367],[12.747884,49.366186],[12.681118,49.414503],[12.632025,49.461219],[12.555751,49.574855],[12.500302,49.639709],[12.457049,49.67981],[12.408215,49.713193],[12.39049,49.739652],[12.450227,49.800165],[12.471828,49.830085],[12.497563,49.853056],[12.512549,49.877421],[12.512033,49.895792],[12.457566,49.955504],[12.384133,49.998602],[12.27644,50.042346],[12.207813,50.097511],[12.182492,50.14805],[12.174999,50.175852],[12.12787,50.213421],[12.089733,50.26856],[12.089836,50.301736],[12.099241,50.310986],[12.134846,50.310935],[12.174792,50.288404],[12.231171,50.244892],[12.277318,50.181433],[12.305637,50.205696],[12.358554,50.273262],[12.452656,50.349795],[12.549033,50.39341],[12.635539,50.397053],[12.706439,50.40912],[12.765454,50.430979],[12.86829,50.42222],[12.942704,50.406458],[12.966837,50.416199],[12.997067,50.456042],[13.016446,50.490381],[13.181139,50.510483],[13.237673,50.576758],[13.269506,50.576422],[13.306093,50.586318],[13.341026,50.611407],[13.374616,50.621717],[13.401177,50.609314],[13.436162,50.601098],[13.472594,50.616937],[13.526544,50.692823],[13.556723,50.704657],[13.701417,50.716491],[13.898511,50.761295],[13.998453,50.801111],[14.096535,50.822764],[14.2018,50.861237],[14.369077,50.898754],[14.377035,50.91405],[14.299417,50.952601],[14.273372,50.976889],[14.255854,51.001848],[14.283242,51.02947],[14.319726,51.037815],[14.36732,51.026291],[14.507363,51.009858],[14.545707,50.993968],[14.559659,50.954926],[14.595213,50.918598],[14.623842,50.914748],[14.61361,50.855552],[14.658155,50.832608],[14.72337,50.814676],[14.766469,50.81832],[14.797474,50.842323],[14.809412,50.858963]]}},{"type":"Feature","properties":{"SCALERANK":1,"FEATURECLA":"International boundary (verify)","NAME":null,"MIN_ZOOM":0,"FCLASS_ISO":null,"FCLASS_US":null,"FCLASS_FR":null,"FCLASS_RU":null,"FCLASS_ES":null,"FCLASS_CN":null,"FCLASS_TW":null,"FCLASS_IN":null,"FCLASS_NP":null,"FCLASS_PK":null,"FCLASS_DE":null,"FCLASS_GB":null,"FCLASS_BR":null,"FCLASS_IL":null,"FCLASS_PS":null,"FCLASS_SA":null,"FCLASS_EG":null,"FCLASS_MA":null,"FCLASS_PT":null,"FCLASS_AR":null,"FCLASS_JP":null,"FCLASS_KO":null,"FCLASS_VN":null,"FCLASS_TR":null,"FCLASS_ID":null,"FCLASS_PL":null,"FCLASS_GR":null,"FCLASS_IT":null,"FCLASS_NL":null,"FCLASS_SE":null,"FCLASS_BD":null,"FCLASS_UA":null,"NE_ID":1746705455,"BRK_A3":null,"FCLASS_TLC":null},"bbox":[24.322526,57.525481,27.351954,58.063433],"geometry":{"type":"LineString","coordinates":[[27.351954,57.528117],[27.32658,57.525481],[27.187106,57.538349],[27.03342,57.57876],[26.966034,57.609145],[26.899785,57.608784],[26.819738,57.588733],[26.532675,57.531011],[26.462085,57.544472],[26.298064,57.601084],[26.215072,57.662734],[26.03038,57.785569],[26.015188,57.814766],[25.991106,57.838201],[25.793806,57.868561],[25.72089,57.91383],[25.660171,57.920186],[25.571287,57.942768],[25.339983,58.039429],[25.282623,58.048498],[25.26867,58.03222],[25.272701,58.009379],[25.258283,57.99615],[25.228724,57.996564],[25.175136,58.032117],[25.111057,58.063433],[24.911276,58.004573],[24.839032,57.988735],[24.77578,57.985246],[24.4589,57.907861],[24.362472,57.866184],[24.322526,57.870602]]}},{"type":"Feature","properties":{"SCALERANK":1,"FEATURECLA":"International boundary (verify)","NAME":null,"MIN_ZOOM":0,"FCLASS_ISO":null,"FCLASS_US":null,"FCLASS_FR":null,"FCLASS_RU":null,"FCLASS_ES":null,"FCLASS_CN":null,"FCLASS_TW":null,"FCLASS_IN":null,"FCLASS_NP":null,"FCLASS_PK":null,"FCLASS_DE":null,"FCLASS_GB":null,"FCLASS_BR":null,"FCLASS_IL":null,"FCLASS_PS":null,"FCLASS_SA":null,"FCLASS_EG":null,"FCLASS_MA":null,"FCLASS_PT":null,"FCLASS_AR":null,"FCLASS_JP":null,"FCLASS_KO":null,"FCLASS_VN":null,"FCLASS_TR":null,"FCLASS_ID":null,"FCLASS_PL":null,"FCLASS_GR":null,"FCLASS_IT":null,"FCLASS_NL":null,"FCLASS_SE":null,"FCLASS_BD":null,"FCLASS_UA":null,"NE_ID":1746705461,"BRK_A3":null,"FCLASS_TLC":null},"bbox":[27.351954,56.14293,28.202031,57.528117],"geometry":{"type":"LineString","coordinates":[[27.351954,57.528117],[27.469672,57.524034],[27.511117,57.50817],[27.538712,57.429802],[27.672761,57.368127],[27.796888,57.316941],[27.828617,57.293299],[27.838229,57.247695],[27.830219,57.194468],[27.814561,57.166899],[27.762781,57.135117],[27.717409,57.054631],[27.711105,56.978073],[27.639481,56.845652],[27.655708,56.843223],[27.806086,56.867072],[27.848667,56.853429],[27.881534,56.82418],[27.892076,56.741085],[27.941375,56.703723],[27.991604,56.645328],[28.007521,56.599853],[28.103174,56.545722],[28.110874,56.510685],[28.169268,56.386869],[28.191696,56.315555],[28.202031,56.260391],[28.17335,56.190343],[28.147926,56.14293]]}},{"type":"Feature","properties":{"SCALERANK":1,"FEATURECLA":"International boundary (verify)","NAME":null,"MIN_ZOOM":0,"FCLASS_ISO":null,"FCLASS_US":null,"FCLASS_FR":null,"FCLASS_RU":null,"FCLASS_ES":null,"FCLASS_CN":null,"FCLASS_TW":null,"FCLASS_IN":null,"FCLASS_NP":null,"FCLASS_PK":null,"FCLASS_DE":null,"FCLASS_GB":null,"FCLASS_BR":null,"FCLASS_IL":null,"FCLASS_PS":null,"FCLASS_SA":null,"FCLASS_EG":null,"FCLASS_MA":null,"FCLASS_PT":null,"FCLASS_AR":null,"FCLASS_JP":null,"FCLASS_KO":null,"FCLASS_VN":null,"FCLASS_TR":null,"FCLASS_ID":null,"FCLASS_PL":null,"FCLASS_GR":null,"FCLASS_IT":null,"FCLASS_NL":null,"FCLASS_SE":null,"FCLASS_BD":null,"FCLASS_UA":null,"NE_ID":1746705467,"BRK_A3":null,"FCLASS_TLC":null},"bbox":[21.046085,55.667507,26.59355,56.411182],"geometry":{"type":"LineString","coordinates":[[21.046085,56.070066],[21.314699,56.188147],[21.65349,56.314547],[21.73054,56.325994],[22.042872,56.400795],[22.084575,56.406764],[22.365901,56.392889],[22.586921,56.375112],[22.773215,56.377283],[22.875534,56.396455],[22.968293,56.380435],[23.042966,56.324056],[23.11986,56.33067],[23.195876,56.367154],[23.612647,56.333823],[23.70675,56.334598],[23.812738,56.329249],[24.008178,56.295272],[24.120678,56.264266],[24.367898,56.283025],[24.47368,56.284058],[24.528973,56.296306],[24.699506,56.381288],[24.773196,56.395886],[24.840996,56.411182],[24.903059,56.398212],[24.943832,56.325606],[25.069871,56.200394],[25.206968,56.178406],[25.585756,56.130166],[25.663219,56.104844],[25.876333,55.99436],[26.004232,55.940152],[26.085519,55.896899],[26.209594,55.812123],[26.281218,55.750447],[26.401107,55.703784],[26.542856,55.672416],[26.59355,55.667507]]}},{"type":"Feature","properties":{"SCALERANK":1,"FEATURECLA":"International boundary (verify)","NAME":null,"MIN_ZOOM":0,"FCLASS_ISO":null,"FCLASS_US":null,"FCLASS_FR":null,"FCLASS_RU":null,"FCLASS_ES":null,"FCLASS_CN":null,"FCLASS_TW":null,"FCLASS_IN":null,"FCLASS_NP":null,"FCLASS_PK":null,"FCLASS_DE":null,"FCLASS_GB":null,"FCLASS_BR":null,"FCLASS_IL":null,"FCLASS_PS":null,"FCLASS_SA":null,"FCLASS_EG":null,"FCLASS_MA":null,"FCLASS_PT":null,"FCLASS_AR":null,"FCLASS_JP":null,"FCLASS_KO":null,"FCLASS_VN":null,"FCLASS_TR":null,"FCLASS_ID":null,"FCLASS_PL":null,"FCLASS_GR":null,"FCLASS_IT":null,"FCLASS_NL":null,"FCLASS_SE":null,"FCLASS_BD":null,"FCLASS_UA":null,"NE_ID":1746705475,"BRK_A3":null,"FCLASS_TLC":null},"bbox":[10.91182,58.892995,20.622183,69.036872],"geometry":{"type":"LineString","coordinates":[[20.622183,69.036872],[20.491959,69.033306],[20.116736,69.020904],[20.282308,68.934346],[20.337136,68.899645],[20.34804,68.848718],[20.319411,68.754047],[20.239985,68.673121],[20.147432,68.607337],[19.968838,68.542018],[20.240036,68.477526],[20.055965,68.390374],[19.96982,68.356396],[19.870033,68.362236],[19.691233,68.392415],[19.258959,68.46533],[19.052615,68.492719],[18.868234,68.501142],[18.769842,68.500031],[18.378651,68.562379],[18.303049,68.555402],[18.162592,68.528401],[18.147037,68.467759],[18.155926,68.316864],[18.176648,68.200644],[18.124972,68.133464],[18.073295,68.087834],[17.916664,67.964896],[17.564747,68.048457],[17.324659,68.103802],[17.170456,68.030111],[16.783606,67.895029],[16.585582,67.628327],[16.57411,67.619568],[16.457115,67.551769],[16.30715,67.520608],[16.193565,67.505182],[16.127419,67.425807],[16.281518,67.312067],[16.360686,67.252019],[16.434274,67.155074],[16.420734,67.093373],[16.403475,67.054977],[16.237697,66.976403],[15.884126,66.768845],[15.557015,66.552088],[15.422966,66.489844],[15.483737,66.305979],[15.374907,66.252029],[15.153318,66.191051],[15.040044,66.167538],[14.917984,66.153714],[14.543226,66.129349],[14.609941,65.932255],[14.63521,65.845025],[14.63459,65.793271],[14.595833,65.742861],[14.549531,65.646407],[14.479664,65.301441],[14.426231,65.264337],[14.352437,65.170854],[14.115139,64.946165],[13.924763,64.796769],[13.650258,64.581536],[13.873551,64.513556],[14.077622,64.463998],[14.119893,64.38775],[14.148005,64.260316],[14.141184,64.173525],[14.063256,64.09552],[14.002691,64.040742],[13.960523,64.014],[13.670721,64.040639],[13.299581,64.074797],[13.203463,64.075081],[12.987559,64.050484],[12.792739,63.999996],[12.690006,63.95744],[12.662463,63.94049],[12.532703,63.843545],[12.301916,63.671204],[12.175206,63.595963],[12.212102,63.492249],[11.999919,63.291693],[12.138619,63.089173],[12.144613,63.082506],[12.2182,63.000651],[12.141047,62.947838],[12.108646,62.919467],[12.119602,62.825933],[12.139807,62.72134],[12.121927,62.660026],[12.114537,62.59189],[12.303466,62.285604],[12.301399,62.213774],[12.291994,62.16742],[12.233703,61.976837],[12.155362,61.720729],[12.292098,61.653446],[12.486814,61.572986],[12.596058,61.541308],[12.757496,61.445681],[12.880796,61.352276],[12.863691,61.290264],[12.828189,61.221845],[12.776409,61.173992],[12.727833,61.10826],[12.706026,61.059839],[12.68303,61.046817],[12.467591,61.04152],[12.353748,61.023201],[12.294165,61.002685],[12.314629,60.892149],[12.445267,60.689629],[12.553787,60.545633],[12.588617,60.450729],[12.552857,60.354508],[12.515857,60.305208],[12.514616,60.238882],[12.486091,60.106771],[12.402065,60.040056],[12.291943,59.967244],[12.169211,59.912881],[12.071853,59.89761],[11.988292,59.891332],[11.93212,59.863685],[11.88127,59.782449],[11.834296,59.697183],[11.680765,59.59228],[11.684848,59.555745],[11.743397,59.431463],[11.798174,59.28987],[11.751872,59.157578],[11.712185,59.018672],[11.642732,58.926068],[11.543513,58.892995],[11.470752,58.909531],[11.388277,59.036526],[11.341768,59.088125],[11.297946,59.101354],[11.235935,59.104661],[11.143331,59.088125],[11.113565,59.021979],[11.057341,58.959141],[10.91182,58.945911]]}},{"type":"Feature","properties":{"SCALERANK":1,"FEATURECLA":"International boundary (verify)","NAME":null,"MIN_ZOOM":0,"FCLASS_ISO":null,"FCLASS_US":null,"FCLASS_FR":null,"FCLASS_RU":null,"FCLASS_ES":null,"FCLASS_CN":null,"FCLASS_TW":null,"FCLASS_IN":null,"FCLASS_NP":null,"FCLASS_PK":null,"FCLASS_DE":null,"FCLASS_GB":null,"FCLASS_BR":null,"FCLASS_IL":null,"FCLASS_PS":null,"FCLASS_SA":null,"FCLASS_EG":null,"FCLASS_MA":null,"FCLASS_PT":null,"FCLASS_AR":null,"FCLASS_JP":null,"FCLASS_KO":null,"FCLASS_VN":null,"FCLASS_TR":null,"FCLASS_ID":null,"FCLASS_PL":null,"FCLASS_GR":null,"FCLASS_IT":null,"FCLASS_NL":null,"FCLASS_SE":null,"FCLASS_BD":null,"FCLASS_UA":null,"NE_ID":1746705487,"BRK_A3":null,"FCLASS_TLC":null},"bbox":[20.622183,68.593281,29.333435,70.064819],"geometry":{"type":"LineString","coordinates":[[20.622183,69.036872],[20.675875,69.069479],[20.889299,69.071443],[21.065722,69.041729],[21.104531,69.054442],[21.127837,69.080822],[21.052596,69.186552],[21.066136,69.214122],[21.143754,69.247246],[21.266847,69.273705],[21.461254,69.277503],[21.593752,69.273601],[21.621812,69.270708],[21.819681,69.154487],[21.98949,69.041135],[22.079717,68.992792],[22.300427,68.855849],[22.382903,68.776629],[22.410911,68.719888],[22.500673,68.720198],[22.811042,68.69529],[23.071698,68.674361],[23.144355,68.64258],[23.323982,68.648988],[23.462475,68.677617],[23.707008,68.713842],[23.772534,68.758387],[23.854028,68.80593],[23.997326,68.798437],[24.154113,68.760868],[24.331983,68.711517],[24.490526,68.688676],[24.703226,68.652812],[24.802445,68.60651],[24.941351,68.593281],[25.086872,68.639583],[25.172862,68.76526],[25.249136,68.821329],[25.35714,68.862464],[25.480905,68.880628],[25.575266,68.887165],[25.646631,68.919153],[25.748331,68.990156],[25.768174,69.076146],[25.748692,69.231433],[25.767244,69.282671],[25.850236,69.36649],[25.961547,69.588621],[26.011519,69.652648],[26.072445,69.69156],[26.156161,69.714711],[26.308193,69.781942],[26.525441,69.915061],[26.584248,69.926326],[26.740208,69.933044],[26.934253,69.928135],[27.108661,69.904674],[27.127523,69.906483],[27.205709,69.918678],[27.348026,69.960045],[27.591732,70.042237],[27.747898,70.064819],[27.889905,70.061667],[28.047208,69.971698],[28.269159,69.871446],[28.411734,69.822767],[28.800341,69.731506],[29.141612,69.671458],[29.333435,69.473021],[29.238815,69.39393],[29.191738,69.366722],[29.024875,69.287967],[28.846281,69.176889],[28.832638,69.118986],[28.891911,69.060591],[28.96586,69.021989]]}},{"type":"Feature","properties":{"SCALERANK":1,"FEATURECLA":"International boundary (verify)","NAME":null,"MIN_ZOOM":0,"FCLASS_ISO":null,"FCLASS_US":null,"FCLASS_FR":null,"FCLASS_RU":null,"FCLASS_ES":null,"FCLASS_CN":null,"FCLASS_TW":null,"FCLASS_IN":null,"FCLASS_NP":null,"FCLASS_PK":null,"FCLASS_DE":null,"FCLASS_GB":null,"FCLASS_BR":null,"FCLASS_IL":null,"FCLASS_PS":null,"FCLASS_SA":null,"FCLASS_EG":null,"FCLASS_MA":null,"FCLASS_PT":null,"FCLASS_AR":null,"FCLASS_JP":null,"FCLASS_KO":null,"FCLASS_VN":null,"FCLASS_TR":null,"FCLASS_ID":null,"FCLASS_PL":null,"FCLASS_GR":null,"FCLASS_IT":null,"FCLASS_NL":null,"FCLASS_SE":null,"FCLASS_BD":null,"FCLASS_UA":null,"NE_ID":1746705515,"BRK_A3":null,"FCLASS_TLC":null},"bbox":[6.108341,49.452744,6.493795,50.120972],"geometry":{"type":"LineString","coordinates":[[6.344295,49.452744],[6.348481,49.512689],[6.37835,49.599608],[6.406772,49.64498],[6.444599,49.682032],[6.484804,49.707819],[6.493795,49.754379],[6.487284,49.798485],[6.440879,49.805307],[6.324607,49.837888],[6.256032,49.87215],[6.204924,49.915145],[6.138158,49.974314],[6.109736,50.034362],[6.108341,50.094229],[6.116506,50.120972]]}},{"type":"Feature","properties":{"SCALERANK":1,"FEATURECLA":"International boundary (verify)","NAME":null,"MIN_ZOOM":0,"FCLASS_ISO":null,"FCLASS_US":null,"FCLASS_FR":null,"FCLASS_RU":null,"FCLASS_ES":null,"FCLASS_CN":null,"FCLASS_TW":null,"FCLASS_IN":null,"FCLASS_NP":null,"FCLASS_PK":null,"FCLASS_DE":null,"FCLASS_GB":null,"FCLASS_BR":null,"FCLASS_IL":null,"FCLASS_PS":null,"FCLASS_SA":null,"FCLASS_EG":null,"FCLASS_MA":null,"FCLASS_PT":null,"FCLASS_AR":null,"FCLASS_JP":null,"FCLASS_KO":null,"FCLASS_VN":null,"FCLASS_TR":null,"FCLASS_ID":null,"FCLASS_PL":null,"FCLASS_GR":null,"FCLASS_IT":null,"FCLASS_NL":null,"FCLASS_SE":null,"FCLASS_BD":null,"FCLASS_UA":null,"NE_ID":1746705533,"BRK_A3":null,"FCLASS_TLC":null},"bbox":[2.524942,49.51088,5.789704,51.09714],"geometry":{"type":"LineString","coordinates":[[2.524942,51.09714],[2.536052,51.049494],[2.57481,50.988568],[2.601423,50.955288],[2.579254,50.911776],[2.596772,50.875913],[2.669119,50.811421],[2.759398,50.750649],[2.839755,50.711789],[2.862441,50.716],[2.921972,50.727033],[3.022896,50.766876],[3.10687,50.779433],[3.154878,50.748944],[3.182008,50.731684],[3.234976,50.662954],[3.249755,50.591176],[3.27332,50.531541],[3.316211,50.507357],[3.476925,50.49945],[3.595367,50.477359],[3.626787,50.457334],[3.667301,50.324784],[3.689315,50.306077],[3.718874,50.321657],[3.74802,50.343491],[3.788586,50.346953],[3.85809,50.338556],[3.949713,50.335946],[4.044126,50.321347],[4.174557,50.246494],[4.169596,50.221767],[4.14412,50.17841],[4.135283,50.143813],[4.15771,50.129886],[4.192179,50.094152],[4.183859,50.052811],[4.150321,50.023872],[4.136833,49.999997],[4.13704,49.984469],[4.149339,49.971575],[4.176056,49.960258],[4.368705,49.944962],[4.545025,49.960258],[4.656181,50.002452],[4.675095,50.046894],[4.706617,50.097046],[4.772867,50.139059],[4.818652,50.153192],[4.860562,50.135906],[4.790023,49.959586],[4.841545,49.914499],[4.849141,49.847139],[4.86759,49.788124],[4.930583,49.789261],[5.006909,49.778357],[5.061066,49.75655],[5.124111,49.721461],[5.21501,49.689241],[5.278779,49.677924],[5.301982,49.651001],[5.353503,49.61984],[5.434635,49.554469],[5.507292,49.51088],[5.542432,49.511035],[5.610077,49.528243],[5.710484,49.539199],[5.789704,49.538269]]}},{"type":"Feature","properties":{"SCALERANK":1,"FEATURECLA":"International boundary (verify)","NAME":null,"MIN_ZOOM":0,"FCLASS_ISO":null,"FCLASS_US":null,"FCLASS_FR":null,"FCLASS_RU":null,"FCLASS_ES":null,"FCLASS_CN":null,"FCLASS_TW":null,"FCLASS_IN":null,"FCLASS_NP":null,"FCLASS_PK":null,"FCLASS_DE":null,"FCLASS_GB":null,"FCLASS_BR":null,"FCLASS_IL":null,"FCLASS_PS":null,"FCLASS_SA":null,"FCLASS_EG":null,"FCLASS_MA":null,"FCLASS_PT":null,"FCLASS_AR":null,"FCLASS_JP":null,"FCLASS_KO":null,"FCLASS_VN":null,"FCLASS_TR":null,"FCLASS_ID":null,"FCLASS_PL":null,"FCLASS_GR":null,"FCLASS_IT":null,"FCLASS_NL":null,"FCLASS_SE":null,"FCLASS_BD":null,"FCLASS_UA":null,"NE_ID":1746705539,"BRK_A3":null,"FCLASS_TLC":null},"bbox":[5.724953,49.538269,6.116506,50.167171],"geometry":{"type":"LineString","coordinates":[[6.116506,50.120972],[6.110046,50.123763],[6.089065,50.154588],[6.054752,50.154303],[5.976307,50.167171],[5.866908,50.082835],[5.817402,50.012684],[5.788102,49.96124],[5.744074,49.919641],[5.735289,49.875638],[5.740766,49.857164],[5.72578,49.833341],[5.724953,49.808278],[5.787998,49.758875],[5.803708,49.732159],[5.880396,49.644774],[5.856573,49.612838],[5.837608,49.578344],[5.815439,49.553823],[5.789704,49.538269]]}},{"type":"Feature","properties":{"SCALERANK":1,"FEATURECLA":"International boundary (verify)","NAME":null,"MIN_ZOOM":0,"FCLASS_ISO":null,"FCLASS_US":null,"FCLASS_FR":null,"FCLASS_RU":null,"FCLASS_ES":null,"FCLASS_CN":null,"FCLASS_TW":null,"FCLASS_IN":null,"FCLASS_NP":null,"FCLASS_PK":null,"FCLASS_DE":null,"FCLASS_GB":null,"FCLASS_BR":null,"FCLASS_IL":null,"FCLASS_PS":null,"FCLASS_SA":null,"FCLASS_EG":null,"FCLASS_MA":null,"FCLASS_PT":null,"FCLASS_AR":null,"FCLASS_JP":null,"FCLASS_KO":null,"FCLASS_VN":null,"FCLASS_TR":null,"FCLASS_ID":null,"FCLASS_PL":null,"FCLASS_GR":null,"FCLASS_IT":null,"FCLASS_NL":null,"FCLASS_SE":null,"FCLASS_BD":null,"FCLASS_UA":null,"NE_ID":1746705547,"BRK_A3":null,"FCLASS_TLC":null},"bbox":[39.978315,41.890958,46.429911,43.569796],"geometry":{"type":"LineString","coordinates":[[46.429911,41.890958],[46.411565,41.904626],[46.267802,41.960333],[46.212663,41.989892],[46.159798,41.992062],[46.048487,42.008754],[45.954022,42.035393],[45.910407,42.070714],[45.846019,42.109936],[45.726543,42.158874],[45.638589,42.205073],[45.634248,42.234735],[45.688354,42.357363],[45.727576,42.47503],[45.705252,42.498078],[45.655539,42.517663],[45.562935,42.53575],[45.343724,42.529782],[45.208228,42.64825],[45.160272,42.675018],[45.071595,42.694164],[44.943386,42.73026],[44.870988,42.756383],[44.850524,42.746823],[44.771045,42.616779],[44.691774,42.709641],[44.644335,42.73473],[44.576432,42.748476],[44.505894,42.748657],[44.329522,42.703492],[44.199711,42.653624],[44.102714,42.616365],[44.004684,42.595592],[43.957452,42.566549],[43.825987,42.57151],[43.759841,42.593835],[43.738344,42.616986],[43.749919,42.6575],[43.795394,42.702975],[43.798702,42.72778],[43.782579,42.747003],[43.623105,42.807723],[43.557786,42.844465],[43.34798,42.896658],[43.089184,42.989056],[43.000146,43.049672],[42.991619,43.091479],[42.890023,43.132613],[42.760625,43.169562],[42.66027,43.159071],[42.566012,43.155144],[42.419044,43.224235],[42.279673,43.228059],[42.122215,43.207337],[42.087798,43.199121],[42.049971,43.190129],[41.580542,43.219249],[41.460756,43.276299],[41.35823,43.333376],[41.083105,43.374485],[40.942028,43.418074],[40.801675,43.47993],[40.64799,43.533906],[40.519005,43.512021],[40.342272,43.542743],[40.150139,43.569796],[40.084613,43.553104],[40.023738,43.48484],[39.978315,43.419831]]}},{"type":"Feature","properties":{"SCALERANK":1,"FEATURECLA":"International boundary (verify)","NAME":null,"MIN_ZOOM":0,"FCLASS_ISO":null,"FCLASS_US":null,"FCLASS_FR":null,"FCLASS_RU":null,"FCLASS_ES":null,"FCLASS_CN":null,"FCLASS_TW":null,"FCLASS_IN":null,"FCLASS_NP":null,"FCLASS_PK":null,"FCLASS_DE":null,"FCLASS_GB":null,"FCLASS_BR":null,"FCLASS_IL":null,"FCLASS_PS":null,"FCLASS_SA":null,"FCLASS_EG":null,"FCLASS_MA":null,"FCLASS_PT":null,"FCLASS_AR":null,"FCLASS_JP":null,"FCLASS_KO":null,"FCLASS_VN":null,"FCLASS_TR":null,"FCLASS_ID":null,"FCLASS_PL":null,"FCLASS_GR":null,"FCLASS_IT":null,"FCLASS_NL":null,"FCLASS_SE":null,"FCLASS_BD":null,"FCLASS_UA":null,"NE_ID":1746705551,"BRK_A3":null,"FCLASS_TLC":null},"bbox":[20.448602,40.84991,20.964281,41.873698],"geometry":{"type":"LineString","coordinates":[[20.964281,40.84991],[20.958545,40.871511],[20.933482,40.903137],[20.870179,40.917916],[20.740781,40.905255],[20.70931,40.928355],[20.656032,41.06168],[20.614484,41.083074],[20.567872,41.127826],[20.488962,41.272623],[20.48705,41.336082],[20.492424,41.391427],[20.448602,41.521264],[20.475577,41.554105],[20.516195,41.574775],[20.516609,41.627072],[20.505136,41.706499],[20.553144,41.862355],[20.566166,41.873698]]}},{"type":"Feature","properties":{"SCALERANK":1,"FEATURECLA":"International boundary (verify)","NAME":null,"MIN_ZOOM":0,"FCLASS_ISO":null,"FCLASS_US":null,"FCLASS_FR":null,"FCLASS_RU":null,"FCLASS_ES":null,"FCLASS_CN":null,"FCLASS_TW":null,"FCLASS_IN":null,"FCLASS_NP":null,"FCLASS_PK":null,"FCLASS_DE":null,"FCLASS_GB":null,"FCLASS_BR":null,"FCLASS_IL":null,"FCLASS_PS":null,"FCLASS_SA":null,"FCLASS_EG":null,"FCLASS_MA":null,"FCLASS_PT":null,"FCLASS_AR":null,"FCLASS_JP":null,"FCLASS_KO":null,"FCLASS_VN":null,"FCLASS_TR":null,"FCLASS_ID":null,"FCLASS_PL":null,"FCLASS_GR":null,"FCLASS_IT":null,"FCLASS_NL":null,"FCLASS_SE":null,"FCLASS_BD":null,"FCLASS_UA":null,"NE_ID":1746705565,"BRK_A3":null,"FCLASS_TLC":null},"bbox":[20.063975,41.873698,20.581411,42.547274],"geometry":{"type":"LineString","coordinates":[[20.566166,41.873698],[20.581411,41.917442],[20.575416,42.013095],[20.52281,42.171483],[20.485448,42.223366],[20.408295,42.274965],[20.348247,42.308813],[20.240501,42.338966],[20.185776,42.425886],[20.103559,42.524666],[20.063975,42.547274]]}},{"type":"Feature","properties":{"SCALERANK":1,"FEATURECLA":"International boundary (verify)","NAME":null,"MIN_ZOOM":0,"FCLASS_ISO":null,"FCLASS_US":null,"FCLASS_FR":null,"FCLASS_RU":null,"FCLASS_ES":null,"FCLASS_CN":null,"FCLASS_TW":null,"FCLASS_IN":null,"FCLASS_NP":null,"FCLASS_PK":null,"FCLASS_DE":null,"FCLASS_GB":null,"FCLASS_BR":null,"FCLASS_IL":null,"FCLASS_PS":null,"FCLASS_SA":null,"FCLASS_EG":null,"FCLASS_MA":null,"FCLASS_PT":null,"FCLASS_AR":null,"FCLASS_JP":null,"FCLASS_KO":null,"FCLASS_VN":null,"FCLASS_TR":null,"FCLASS_ID":null,"FCLASS_PL":null,"FCLASS_GR":null,"FCLASS_IT":null,"FCLASS_NL":null,"FCLASS_SE":null,"FCLASS_BD":null,"FCLASS_UA":null,"NE_ID":1746705577,"BRK_A3":null,"FCLASS_TLC":null},"bbox":[41.510056,41.107104,43.441566,41.585731],"geometry":{"type":"LineString","coordinates":[[41.510056,41.517492],[41.576512,41.497312],[41.701724,41.471577],[41.779393,41.44052],[41.823525,41.432355],[41.925741,41.495659],[42.077773,41.494108],[42.21115,41.486719],[42.279983,41.474988],[42.364371,41.454007],[42.46638,41.439848],[42.507928,41.470053],[42.567356,41.559298],[42.590455,41.570719],[42.606836,41.578806],[42.682387,41.585731],[42.754114,41.578909],[42.787859,41.563717],[42.821707,41.492403],[42.906766,41.466849],[43.057145,41.352851],[43.148974,41.307143],[43.171246,41.287945],[43.140964,41.264846],[43.15285,41.236424],[43.205508,41.199165],[43.279302,41.185213],[43.358935,41.190122],[43.402395,41.176557],[43.433401,41.155524],[43.441566,41.125991],[43.439447,41.107104]]}},{"type":"Feature","properties":{"SCALERANK":1,"FEATURECLA":"International boundary (verify)","NAME":null,"MIN_ZOOM":0,"FCLASS_ISO":null,"FCLASS_US":null,"FCLASS_FR":null,"FCLASS_RU":null,"FCLASS_ES":null,"FCLASS_CN":null,"FCLASS_TW":null,"FCLASS_IN":null,"FCLASS_NP":null,"FCLASS_PK":null,"FCLASS_DE":null,"FCLASS_GB":null,"FCLASS_BR":null,"FCLASS_IL":null,"FCLASS_PS":null,"FCLASS_SA":null,"FCLASS_EG":null,"FCLASS_MA":null,"FCLASS_PT":null,"FCLASS_AR":null,"FCLASS_JP":null,"FCLASS_KO":null,"FCLASS_VN":null,"FCLASS_TR":null,"FCLASS_ID":null,"FCLASS_PL":null,"FCLASS_GR":null,"FCLASS_IT":null,"FCLASS_NL":null,"FCLASS_SE":null,"FCLASS_BD":null,"FCLASS_UA":null,"NE_ID":1746705637,"BRK_A3":null,"FCLASS_TLC":null},"bbox":[43.439447,41.107104,45.001419,41.290968],"geometry":{"type":"LineString","coordinates":[[43.439447,41.107104],[43.49195,41.115527],[43.645016,41.116664],[43.793224,41.131081],[43.909186,41.158987],[44.077238,41.182499],[44.146536,41.203377],[44.227358,41.21335],[44.473027,41.191],[44.564856,41.208209],[44.841377,41.211361],[44.848508,41.220172],[44.81094,41.248594],[44.811353,41.259368],[44.975891,41.277481],[45.001419,41.290968]]}},{"type":"Feature","properties":{"SCALERANK":1,"FEATURECLA":"International boundary (verify)","NAME":null,"MIN_ZOOM":0,"FCLASS_ISO":null,"FCLASS_US":null,"FCLASS_FR":null,"FCLASS_RU":null,"FCLASS_ES":null,"FCLASS_CN":null,"FCLASS_TW":null,"FCLASS_IN":null,"FCLASS_NP":null,"FCLASS_PK":null,"FCLASS_DE":null,"FCLASS_GB":null,"FCLASS_BR":null,"FCLASS_IL":null,"FCLASS_PS":null,"FCLASS_SA":null,"FCLASS_EG":null,"FCLASS_MA":null,"FCLASS_PT":null,"FCLASS_AR":null,"FCLASS_JP":null,"FCLASS_KO":null,"FCLASS_VN":null,"FCLASS_TR":null,"FCLASS_ID":null,"FCLASS_PL":null,"FCLASS_GR":null,"FCLASS_IT":null,"FCLASS_NL":null,"FCLASS_SE":null,"FCLASS_BD":null,"FCLASS_UA":null,"NE_ID":1746705661,"BRK_A3":null,"FCLASS_TLC":null},"bbox":[8.393111,54.806319,9.739747,55.096844],"geometry":{"type":"LineString","coordinates":[[8.393111,55.096844],[8.461892,55.071161],[8.541215,54.954605],[8.594546,54.915951],[8.670717,54.903316],[8.857269,54.901145],[8.90295,54.896908],[9.185827,54.844663],[9.25497,54.808024],[9.341942,54.806319],[9.498728,54.840426],[9.615775,54.855412],[9.66125,54.834379],[9.724967,54.825543],[9.739747,54.825517]]}},{"type":"Feature","properties":{"SCALERANK":1,"FEATURECLA":"International boundary (verify)","NAME":null,"MIN_ZOOM":0,"FCLASS_ISO":null,"FCLASS_US":null,"FCLASS_FR":null,"FCLASS_RU":null,"FCLASS_ES":null,"FCLASS_CN":null,"FCLASS_TW":null,"FCLASS_IN":null,"FCLASS_NP":null,"FCLASS_PK":null,"FCLASS_DE":null,"FCLASS_GB":null,"FCLASS_BR":null,"FCLASS_IL":null,"FCLASS_PS":null,"FCLASS_SA":null,"FCLASS_EG":null,"FCLASS_MA":null,"FCLASS_PT":null,"FCLASS_AR":null,"FCLASS_JP":null,"FCLASS_KO":null,"FCLASS_VN":null,"FCLASS_TR":null,"FCLASS_ID":null,"FCLASS_PL":null,"FCLASS_GR":null,"FCLASS_IT":null,"FCLASS_NL":null,"FCLASS_SE":null,"FCLASS_BD":null,"FCLASS_UA":null,"NE_ID":1746705689,"BRK_A3":null,"FCLASS_TLC":null},"bbox":[45.001419,38.906669,46.584733,41.290968],"geometry":{"type":"LineString","coordinates":[[45.001419,41.290968],[45.022916,41.2457],[45.084721,41.19547],[45.152314,41.175161],[45.188591,41.147411],[45.190193,41.126353],[45.070665,41.100825],[45.062604,41.088138],[45.070459,41.075581],[45.106115,41.069354],[45.273392,41.006257],[45.368942,41.004888],[45.419171,40.985716],[45.444234,40.947992],[45.523971,40.896729],[45.587533,40.846913],[45.59146,40.829756],[45.579368,40.804486],[45.401343,40.707154],[45.378967,40.67359],[45.376176,40.638088],[45.454415,40.532358],[45.569498,40.416861],[45.735689,40.329115],[45.964616,40.233772],[45.967561,40.174809],[45.931285,40.104684],[45.900124,40.05709],[45.885964,40.024844],[45.858111,40.011279],[45.630166,40.014199],[45.596008,40.002856],[45.58097,39.989032],[45.579782,39.97756],[45.661792,39.956192],[45.78964,39.881106],[45.863175,39.808371],[45.939966,39.776539],[46.025904,39.718532],[46.094789,39.664478],[46.202069,39.594483],[46.321648,39.617453],[46.481432,39.555157],[46.488047,39.512834],[46.478125,39.47511],[46.377666,39.433872],[46.36516,39.416793],[46.365263,39.402505],[46.378389,39.382273],[46.437249,39.348555],[46.50665,39.298558],[46.584733,39.223678],[46.549955,39.201432],[46.477091,39.198176],[46.42035,39.207375],[46.4003,39.192182],[46.401437,39.167687],[46.475437,39.110869],[46.489855,39.06945],[46.486755,38.997465],[46.49063,38.906669]]}},{"type":"Feature","properties":{"SCALERANK":1,"FEATURECLA":"International boundary (verify)","NAME":null,"MIN_ZOOM":0,"FCLASS_ISO":null,"FCLASS_US":null,"FCLASS_FR":null,"FCLASS_RU":null,"FCLASS_ES":null,"FCLASS_CN":null,"FCLASS_TW":null,"FCLASS_IN":null,"FCLASS_NP":null,"FCLASS_PK":null,"FCLASS_DE":null,"FCLASS_GB":null,"FCLASS_BR":null,"FCLASS_IL":null,"FCLASS_PS":null,"FCLASS_SA":null,"FCLASS_EG":null,"FCLASS_MA":null,"FCLASS_PT":null,"FCLASS_AR":null,"FCLASS_JP":null,"FCLASS_KO":null,"FCLASS_VN":null,"FCLASS_TR":null,"FCLASS_ID":null,"FCLASS_PL":null,"FCLASS_GR":null,"FCLASS_IT":null,"FCLASS_NL":null,"FCLASS_SE":null,"FCLASS_BD":null,"FCLASS_UA":null,"NE_ID":1746705697,"BRK_A3":null,"FCLASS_TLC":null},"bbox":[44.768255,38.877782,46.114426,39.765118],"geometry":{"type":"LineString","coordinates":[[44.768255,39.70352],[44.867164,39.719126],[45.03165,39.765118],[45.076453,39.74282],[45.124564,39.696337],[45.148593,39.656572],[45.152831,39.582675],[45.172571,39.570608],[45.252566,39.595465],[45.288326,39.56557],[45.349873,39.529887],[45.456843,39.494463],[45.610787,39.549783],[45.687424,39.564045],[45.75052,39.56296],[45.784472,39.545597],[45.796512,39.488133],[45.784162,39.417233],[45.766333,39.378449],[45.798683,39.350182],[45.92498,39.281944],[45.977432,39.243884],[45.951852,39.1781],[46.045903,39.017515],[46.077477,38.954884],[46.114426,38.877782]]}},{"type":"Feature","properties":{"SCALERANK":1,"FEATURECLA":"International boundary (verify)","NAME":null,"MIN_ZOOM":0,"FCLASS_ISO":null,"FCLASS_US":null,"FCLASS_FR":null,"FCLASS_RU":null,"FCLASS_ES":null,"FCLASS_CN":null,"FCLASS_TW":null,"FCLASS_IN":null,"FCLASS_NP":null,"FCLASS_PK":null,"FCLASS_DE":null,"FCLASS_GB":null,"FCLASS_BR":null,"FCLASS_IL":null,"FCLASS_PS":null,"FCLASS_SA":null,"FCLASS_EG":null,"FCLASS_MA":null,"FCLASS_PT":null,"FCLASS_AR":null,"FCLASS_JP":null,"FCLASS_KO":null,"FCLASS_VN":null,"FCLASS_TR":null,"FCLASS_ID":null,"FCLASS_PL":null,"FCLASS_GR":null,"FCLASS_IT":null,"FCLASS_NL":null,"FCLASS_SE":null,"FCLASS_BD":null,"FCLASS_UA":null,"NE_ID":1746705707,"BRK_A3":null,"FCLASS_TLC":null},"bbox":[20.241845,46.108607,22.87662,47.947255],"geometry":{"type":"LineString","coordinates":[[20.241845,46.108607],[20.280964,46.132998],[20.508082,46.166924],[20.613657,46.133515],[20.660992,46.145659],[20.707398,46.172815],[20.732719,46.194442],[20.73737,46.217489],[20.760211,46.246221],[20.837002,46.259709],[21.039884,46.242242],[21.121636,46.282447],[21.151919,46.304357],[21.170419,46.352675],[21.191813,46.391536],[21.264573,46.412309],[21.26323,46.447734],[21.252223,46.486362],[21.294546,46.572455],[21.320177,46.607801],[21.361311,46.620772],[21.411024,46.647851],[21.497117,46.704281],[21.477067,46.753374],[21.49443,46.789728],[21.58414,46.878379],[21.652663,46.963775],[21.651423,47.006537],[21.661448,47.043899],[21.721806,47.084827],[21.785472,47.138157],[21.869291,47.304606],[21.899263,47.332563],[21.954247,47.364241],[21.995278,47.395712],[21.999722,47.505033],[22.037963,47.536608],[22.111963,47.572032],[22.185085,47.629031],[22.244617,47.696365],[22.29066,47.727836],[22.351432,47.736208],[22.417474,47.762666],[22.491372,47.772562],[22.562944,47.759566],[22.608367,47.76631],[22.676787,47.799047],[22.851763,47.922579],[22.87662,47.947255]]}},{"type":"Feature","properties":{"SCALERANK":1,"FEATURECLA":"International boundary (verify)","NAME":null,"MIN_ZOOM":0,"FCLASS_ISO":null,"FCLASS_US":null,"FCLASS_FR":null,"FCLASS_RU":null,"FCLASS_ES":null,"FCLASS_CN":null,"FCLASS_TW":null,"FCLASS_IN":null,"FCLASS_NP":null,"FCLASS_PK":null,"FCLASS_DE":null,"FCLASS_GB":null,"FCLASS_BR":null,"FCLASS_IL":null,"FCLASS_PS":null,"FCLASS_SA":null,"FCLASS_EG":null,"FCLASS_MA":null,"FCLASS_PT":null,"FCLASS_AR":null,"FCLASS_JP":null,"FCLASS_KO":null,"FCLASS_VN":null,"FCLASS_TR":null,"FCLASS_ID":null,"FCLASS_PL":null,"FCLASS_GR":null,"FCLASS_IT":null,"FCLASS_NL":null,"FCLASS_SE":null,"FCLASS_BD":null,"FCLASS_UA":null,"NE_ID":1746705729,"BRK_A3":null,"FCLASS_TLC":null},"bbox":[18.832215,49.072716,22.538656,49.597696],"geometry":{"type":"LineString","coordinates":[[18.832215,49.510777],[18.938152,49.498271],[18.95722,49.4483],[18.968331,49.396236],[19.149457,49.399982],[19.250174,49.511448],[19.302367,49.524833],[19.386238,49.563642],[19.441635,49.597696],[19.479721,49.57638],[19.534756,49.504782],[19.593047,49.447111],[19.626689,49.424374],[19.630254,49.406623],[19.664154,49.396055],[19.730042,49.389595],[19.773915,49.37218],[19.787041,49.31854],[19.787971,49.269965],[19.767352,49.235212],[19.756655,49.204387],[19.802234,49.192347],[19.868999,49.204],[19.916128,49.221389],[20.057618,49.181288],[20.107641,49.27074],[20.16371,49.316396],[20.236522,49.337661],[20.302565,49.365514],[20.363026,49.385255],[20.404677,49.384066],[20.422661,49.392334],[20.474544,49.390164],[20.534592,49.381198],[20.616137,49.391714],[20.728999,49.369907],[20.799485,49.328669],[20.868473,49.31469],[20.94728,49.317093],[21.001127,49.339831],[21.079417,49.418276],[21.136157,49.417061],[21.224989,49.429438],[21.350459,49.428766],[21.639641,49.411946],[21.712143,49.381921],[21.890116,49.343448],[21.967683,49.299084],[22.002203,49.24609],[22.020083,49.209503],[22.202552,49.153227],[22.473078,49.081294],[22.538656,49.072716]]}},{"type":"Feature","properties":{"SCALERANK":1,"FEATURECLA":"International boundary (verify)","NAME":null,"MIN_ZOOM":0,"FCLASS_ISO":null,"FCLASS_US":null,"FCLASS_FR":null,"FCLASS_RU":null,"FCLASS_ES":null,"FCLASS_CN":null,"FCLASS_TW":null,"FCLASS_IN":null,"FCLASS_NP":null,"FCLASS_PK":null,"FCLASS_DE":null,"FCLASS_GB":null,"FCLASS_BR":null,"FCLASS_IL":null,"FCLASS_PS":null,"FCLASS_SA":null,"FCLASS_EG":null,"FCLASS_MA":null,"FCLASS_PT":null,"FCLASS_AR":null,"FCLASS_JP":null,"FCLASS_KO":null,"FCLASS_VN":null,"FCLASS_TR":null,"FCLASS_ID":null,"FCLASS_PL":null,"FCLASS_GR":null,"FCLASS_IT":null,"FCLASS_NL":null,"FCLASS_SE":null,"FCLASS_BD":null,"FCLASS_UA":null,"NE_ID":1746705739,"BRK_A3":null,"FCLASS_TLC":null},"bbox":[-8.144794,54.057269,-6.218013,55.092012],"geometry":{"type":"LineString","coordinates":[[-7.218624,55.092012],[-7.376909,55.027701],[-7.401429,55.00331],[-7.445974,54.905124],[-7.451245,54.877116],[-7.502198,54.825439],[-7.550412,54.767949],[-7.606429,54.745703],[-7.68999,54.728003],[-7.737481,54.710459],[-7.79727,54.719296],[-7.872925,54.717849],[-7.910597,54.698315],[-7.908737,54.683329],[-7.886154,54.666069],[-7.819853,54.639714],[-7.746266,54.61584],[-7.754405,54.594937],[-7.793808,54.571243],[-8.044335,54.512461],[-8.118956,54.476959],[-8.144794,54.453498],[-8.118233,54.41425],[-7.918452,54.296583],[-7.884449,54.283767],[-7.854941,54.21527],[-7.678776,54.186667],[-7.606533,54.143827],[-7.544418,54.133595],[-7.409439,54.137316],[-7.355179,54.121245],[-7.324509,54.13344],[-7.306732,54.155997],[-7.193044,54.214107],[-7.155449,54.239506],[-7.178083,54.274879],[-7.202578,54.301802],[-7.133487,54.355391],[-7.049693,54.408256],[-7.007732,54.406705],[-6.93616,54.37433],[-6.877223,54.329087],[-6.869265,54.294051],[-6.858336,54.268677],[-6.802603,54.214366],[-6.766584,54.195607],[-6.669536,54.184703],[-6.64685,54.163438],[-6.664213,54.084761],[-6.649821,54.058639],[-6.548148,54.057269],[-6.440273,54.063625],[-6.402575,54.060628],[-6.363663,54.077113],[-6.303667,54.09489],[-6.218013,54.08874]]}},{"type":"Feature","properties":{"SCALERANK":1,"FEATURECLA":"International boundary (verify)","NAME":null,"MIN_ZOOM":0,"FCLASS_ISO":null,"FCLASS_US":null,"FCLASS_FR":null,"FCLASS_RU":null,"FCLASS_ES":null,"FCLASS_CN":null,"FCLASS_TW":null,"FCLASS_IN":null,"FCLASS_NP":null,"FCLASS_PK":null,"FCLASS_DE":null,"FCLASS_GB":null,"FCLASS_BR":null,"FCLASS_IL":null,"FCLASS_PS":null,"FCLASS_SA":null,"FCLASS_EG":null,"FCLASS_MA":null,"FCLASS_PT":null,"FCLASS_AR":null,"FCLASS_JP":null,"FCLASS_KO":null,"FCLASS_VN":null,"FCLASS_TR":null,"FCLASS_ID":null,"FCLASS_PL":null,"FCLASS_GR":null,"FCLASS_IT":null,"FCLASS_NL":null,"FCLASS_SE":null,"FCLASS_BD":null,"FCLASS_UA":null,"NE_ID":1746705747,"BRK_A3":null,"FCLASS_TLC":null},"bbox":[14.809412,49.510777,18.832215,51.01438],"geometry":{"type":"LineString","coordinates":[[18.832215,49.510777],[18.82927,49.540129],[18.806894,49.613716],[18.594659,49.75779],[18.56882,49.817941],[18.577192,49.841118],[18.562413,49.879333],[18.516214,49.902381],[18.348472,49.929847],[18.305322,49.91406],[18.266307,49.930286],[18.205277,49.964754],[18.099185,49.992789],[18.087661,50.007284],[18.049472,50.031933],[18.028285,50.035241],[18.014642,50.02028],[17.983843,49.999067],[17.874754,49.972247],[17.831294,49.983306],[17.79171,50.006612],[17.746545,50.05679],[17.681071,50.100767],[17.627069,50.116424],[17.59627,50.139524],[17.589345,50.157456],[17.709286,50.193552],[17.735486,50.230784],[17.720087,50.298636],[17.702258,50.307162],[17.654664,50.284218],[17.554619,50.264064],[17.462325,50.254762],[17.415196,50.254762],[17.151956,50.378321],[16.980804,50.416096],[16.880035,50.427026],[16.869183,50.414494],[16.914761,50.345196],[16.993413,50.259697],[16.989692,50.236934],[16.895331,50.201949],[16.841742,50.186704],[16.778645,50.157042],[16.725315,50.116063],[16.679117,50.097485],[16.639119,50.102162],[16.596641,50.121902],[16.487604,50.248406],[16.350455,50.345196],[16.334125,50.3669],[16.291337,50.371861],[16.23072,50.394082],[16.210308,50.423718],[16.240694,50.454673],[16.282552,50.482991],[16.356604,50.500484],[16.379083,50.516917],[16.392312,50.54167],[16.419701,50.573658],[16.412518,50.585181],[16.359963,50.621407],[16.282242,50.655616],[16.066441,50.629933],[16.00722,50.61164],[15.973837,50.635463],[15.948515,50.670241],[15.893893,50.676907],[15.819221,50.708688],[15.730544,50.73972],[15.643934,50.748866],[15.463997,50.793851],[15.394647,50.79628],[15.354391,50.811783],[15.312585,50.845734],[15.277032,50.883019],[15.258635,50.958544],[15.12593,50.992857],[14.993741,51.01438],[14.98444,51.003399],[14.989969,50.927228],[14.982889,50.886558],[14.895763,50.861392],[14.809412,50.858963]]}},{"type":"Feature","properties":{"SCALERANK":1,"FEATURECLA":"International boundary (verify)","NAME":null,"MIN_ZOOM":0,"FCLASS_ISO":null,"FCLASS_US":null,"FCLASS_FR":null,"FCLASS_RU":null,"FCLASS_ES":null,"FCLASS_CN":null,"FCLASS_TW":null,"FCLASS_IN":null,"FCLASS_NP":null,"FCLASS_PK":null,"FCLASS_DE":null,"FCLASS_GB":null,"FCLASS_BR":null,"FCLASS_IL":null,"FCLASS_PS":null,"FCLASS_SA":null,"FCLASS_EG":null,"FCLASS_MA":null,"FCLASS_PT":null,"FCLASS_AR":null,"FCLASS_JP":null,"FCLASS_KO":null,"FCLASS_VN":null,"FCLASS_TR":null,"FCLASS_ID":null,"FCLASS_PL":null,"FCLASS_GR":null,"FCLASS_IT":null,"FCLASS_NL":null,"FCLASS_SE":null,"FCLASS_BD":null,"FCLASS_UA":null,"NE_ID":1746705767,"BRK_A3":null,"FCLASS_TLC":null},"bbox":[20.001291,39.653497,21.031099,40.84991],"geometry":{"type":"LineString","coordinates":[[20.001291,39.709411],[20.022582,39.710703],[20.059789,39.699128],[20.131102,39.66161],[20.20686,39.653497],[20.248201,39.678379],[20.272076,39.701195],[20.287579,39.738557],[20.293831,39.782223],[20.306182,39.796693],[20.36406,39.791732],[20.382456,39.802635],[20.38163,39.841806],[20.344268,39.89064],[20.31135,39.950766],[20.311143,39.97942],[20.338428,39.991048],[20.383697,40.01717],[20.408036,40.049442],[20.456044,40.065565],[20.527047,40.068511],[20.606267,40.08267],[20.657375,40.117397],[20.664972,40.151761],[20.697011,40.246381],[20.717888,40.292683],[20.751685,40.334903],[20.77003,40.391902],[20.8061,40.445439],[20.881651,40.467918],[20.950174,40.494402],[21.001902,40.56339],[21.030892,40.622482],[21.031099,40.658656],[20.987898,40.717773],[20.955755,40.775289],[20.964281,40.84991]]}},{"type":"Feature","properties":{"SCALERANK":1,"FEATURECLA":"International boundary (verify)","NAME":null,"MIN_ZOOM":0,"FCLASS_ISO":null,"FCLASS_US":null,"FCLASS_FR":null,"FCLASS_RU":null,"FCLASS_ES":null,"FCLASS_CN":null,"FCLASS_TW":null,"FCLASS_IN":null,"FCLASS_NP":null,"FCLASS_PK":null,"FCLASS_DE":null,"FCLASS_GB":null,"FCLASS_BR":null,"FCLASS_IL":null,"FCLASS_PS":null,"FCLASS_SA":null,"FCLASS_EG":null,"FCLASS_MA":null,"FCLASS_PT":null,"FCLASS_AR":null,"FCLASS_JP":null,"FCLASS_KO":null,"FCLASS_VN":null,"FCLASS_TR":null,"FCLASS_ID":null,"FCLASS_PL":null,"FCLASS_GR":null,"FCLASS_IT":null,"FCLASS_NL":null,"FCLASS_SE":null,"FCLASS_BD":null,"FCLASS_UA":null,"NE_ID":1746705803,"BRK_A3":null,"FCLASS_TLC":null},"bbox":[22.131859,48.405314,22.538656,49.072716],"geometry":{"type":"LineString","coordinates":[[22.131859,48.405314],[22.142866,48.568509],[22.295208,48.685814],[22.33257,48.745087],[22.389466,48.873477],[22.432047,48.933551],[22.483207,48.983264],[22.524135,49.031374],[22.538656,49.072716]]}},{"type":"Feature","properties":{"SCALERANK":1,"FEATURECLA":"International boundary (verify)","NAME":null,"MIN_ZOOM":0,"FCLASS_ISO":null,"FCLASS_US":null,"FCLASS_FR":null,"FCLASS_RU":null,"FCLASS_ES":null,"FCLASS_CN":null,"FCLASS_TW":null,"FCLASS_IN":null,"FCLASS_NP":null,"FCLASS_PK":null,"FCLASS_DE":null,"FCLASS_GB":null,"FCLASS_BR":null,"FCLASS_IL":null,"FCLASS_PS":null,"FCLASS_SA":null,"FCLASS_EG":null,"FCLASS_MA":null,"FCLASS_PT":null,"FCLASS_AR":null,"FCLASS_JP":null,"FCLASS_KO":null,"FCLASS_VN":null,"FCLASS_TR":null,"FCLASS_ID":null,"FCLASS_PL":null,"FCLASS_GR":null,"FCLASS_IT":null,"FCLASS_NL":null,"FCLASS_SE":null,"FCLASS_BD":null,"FCLASS_UA":null,"NE_ID":1746705953,"BRK_A3":null,"FCLASS_TLC":null},"bbox":[13.814744,48.576208,16.953105,49.001118],"geometry":{"type":"LineString","coordinates":[[13.814744,48.766946],[13.843114,48.759866],[13.924349,48.728034],[13.988738,48.692429],[14.049148,48.602512],[14.189863,48.578586],[14.36763,48.576208],[14.431088,48.616258],[14.488708,48.625559],[14.553872,48.613312],[14.691331,48.599204],[14.706679,48.671913],[14.785951,48.747361],[14.821866,48.774],[14.922531,48.77139],[14.947336,48.827743],[14.972141,48.983935],[14.993431,49.001118],[15.066812,48.997836],[15.139779,48.969337],[15.16169,48.946263],[15.19962,48.948124],[15.252744,48.963885],[15.310931,48.974014],[15.402915,48.957374],[15.599441,48.886396],[15.700778,48.860429],[15.765012,48.865441],[15.825215,48.86446],[16.057242,48.754802],[16.2193,48.739403],[16.367301,48.738989],[16.414843,48.772088],[16.477889,48.800122],[16.543518,48.796247],[16.600982,48.781881],[16.712706,48.734235],[16.764486,48.722039],[16.833216,48.714288],[16.883652,48.703694],[16.9283,48.620909],[16.953105,48.598843]]}},{"type":"Feature","properties":{"SCALERANK":1,"FEATURECLA":"International boundary (verify)","NAME":null,"MIN_ZOOM":0,"FCLASS_ISO":null,"FCLASS_US":null,"FCLASS_FR":null,"FCLASS_RU":null,"FCLASS_ES":null,"FCLASS_CN":null,"FCLASS_TW":null,"FCLASS_IN":null,"FCLASS_NP":null,"FCLASS_PK":null,"FCLASS_DE":null,"FCLASS_GB":null,"FCLASS_BR":null,"FCLASS_IL":null,"FCLASS_PS":null,"FCLASS_SA":null,"FCLASS_EG":null,"FCLASS_MA":null,"FCLASS_PT":null,"FCLASS_AR":null,"FCLASS_JP":null,"FCLASS_KO":null,"FCLASS_VN":null,"FCLASS_TR":null,"FCLASS_ID":null,"FCLASS_PL":null,"FCLASS_GR":null,"FCLASS_IT":null,"FCLASS_NL":null,"FCLASS_SE":null,"FCLASS_BD":null,"FCLASS_UA":null,"NE_ID":1746705963,"BRK_A3":null,"FCLASS_TLC":null},"bbox":[42.358996,36.978002,44.765154,37.371879],"geometry":{"type":"LineString","coordinates":[[42.358996,37.108588],[42.45589,37.12869],[42.635465,37.249277],[42.741092,37.361906],[42.774578,37.371879],[42.869094,37.334931],[42.936635,37.324776],[43.092491,37.367384],[43.185096,37.344853],[43.263127,37.316482],[43.306742,37.314622],[43.515876,37.244549],[43.568018,37.235867],[43.675815,37.227263],[43.836425,37.223516],[43.939985,37.269302],[44.013159,37.313537],[44.064629,37.312451],[44.114393,37.301858],[44.156251,37.282944],[44.191753,37.249845],[44.208392,37.202639],[44.201674,37.051821],[44.217487,37.01185],[44.245703,36.983324],[44.281876,36.978002],[44.325595,37.010764],[44.401921,37.058488],[44.496023,37.110526],[44.566045,37.158249],[44.605939,37.176026],[44.669346,37.173597],[44.730944,37.165277],[44.765154,37.142436]]}},{"type":"Feature","properties":{"SCALERANK":1,"FEATURECLA":"International boundary (verify)","NAME":null,"MIN_ZOOM":0,"FCLASS_ISO":null,"FCLASS_US":null,"FCLASS_FR":null,"FCLASS_RU":null,"FCLASS_ES":null,"FCLASS_CN":null,"FCLASS_TW":null,"FCLASS_IN":null,"FCLASS_NP":null,"FCLASS_PK":null,"FCLASS_DE":null,"FCLASS_GB":null,"FCLASS_BR":null,"FCLASS_IL":null,"FCLASS_PS":null,"FCLASS_SA":null,"FCLASS_EG":null,"FCLASS_MA":null,"FCLASS_PT":null,"FCLASS_AR":null,"FCLASS_JP":null,"FCLASS_KO":null,"FCLASS_VN":null,"FCLASS_TR":null,"FCLASS_ID":null,"FCLASS_PL":null,"FCLASS_GR":null,"FCLASS_IT":null,"FCLASS_NL":null,"FCLASS_SE":null,"FCLASS_BD":null,"FCLASS_UA":null,"NE_ID":1746705973,"BRK_A3":null,"FCLASS_TLC":null},"bbox":[16.093054,46.86329,17.147357,48.005959],"geometry":{"type":"LineString","coordinates":[[16.093054,46.86329],[16.252579,46.971914],[16.331851,47.002196],[16.423887,46.996951],[16.453394,47.006769],[16.461249,47.022479],[16.476958,47.057851],[16.484813,47.09126],[16.492668,47.12268],[16.48285,47.140379],[16.438356,47.145908],[16.416859,47.223423],[16.439751,47.252749],[16.462592,47.273135],[16.434325,47.367445],[16.442904,47.399536],[16.514786,47.404549],[16.57442,47.424651],[16.622996,47.447569],[16.636639,47.476611],[16.676533,47.536013],[16.639739,47.608877],[16.432103,47.656316],[16.421303,47.674455],[16.46962,47.695074],[16.521142,47.724477],[16.551011,47.74737],[16.590957,47.750548],[16.647491,47.738999],[16.747588,47.686263],[16.785984,47.67864],[16.823087,47.693988],[16.862671,47.69727],[16.973414,47.695332],[17.066638,47.707553],[17.045606,47.763752],[17.045864,47.804524],[17.030103,47.837132],[17.039922,47.872944],[17.077749,47.900901],[17.089066,47.963636],[17.147357,48.005959]]}},{"type":"Feature","properties":{"SCALERANK":1,"FEATURECLA":"International boundary (verify)","NAME":null,"MIN_ZOOM":0,"FCLASS_ISO":null,"FCLASS_US":null,"FCLASS_FR":null,"FCLASS_RU":null,"FCLASS_ES":null,"FCLASS_CN":null,"FCLASS_TW":null,"FCLASS_IN":null,"FCLASS_NP":null,"FCLASS_PK":null,"FCLASS_DE":null,"FCLASS_GB":null,"FCLASS_BR":null,"FCLASS_IL":null,"FCLASS_PS":null,"FCLASS_SA":null,"FCLASS_EG":null,"FCLASS_MA":null,"FCLASS_PT":null,"FCLASS_AR":null,"FCLASS_JP":null,"FCLASS_KO":null,"FCLASS_VN":null,"FCLASS_TR":null,"FCLASS_ID":null,"FCLASS_PL":null,"FCLASS_GR":null,"FCLASS_IT":null,"FCLASS_NL":null,"FCLASS_SE":null,"FCLASS_BD":null,"FCLASS_UA":null,"NE_ID":1746705983,"BRK_A3":null,"FCLASS_TLC":null},"bbox":[7.021102,45.830045,10.45283,46.864943],"geometry":{"type":"LineString","coordinates":[[7.021102,45.925776],[7.055725,45.903788],[7.129002,45.880404],[7.327956,45.91234],[7.451566,45.944457],[7.538589,45.978176],[7.59254,45.972233],[7.787876,45.921848],[7.852369,45.94748],[7.993135,46.0159],[8.014219,46.051892],[8.12522,46.160955],[8.127287,46.187595],[8.081502,46.256014],[8.095661,46.271026],[8.231932,46.341203],[8.298543,46.403421],[8.370683,46.445124],[8.422566,46.446028],[8.436829,46.431895],[8.442927,46.402801],[8.438483,46.28286],[8.45843,46.245911],[8.5654,46.159818],[8.641674,46.110803],[8.818511,46.077136],[8.826779,46.061013],[8.777997,45.996211],[8.885174,45.918696],[8.904294,45.861955],[8.953697,45.830045],[9.02377,45.845677],[9.046714,45.875598],[9.019171,45.928101],[8.998914,45.983111],[9.003048,46.014892],[9.022375,46.051479],[9.071002,46.102458],[9.203449,46.219246],[9.251095,46.286762],[9.259725,46.391277],[9.260138,46.4752],[9.304373,46.49556],[9.399354,46.480677],[9.427621,46.482331],[9.440592,46.43081],[9.481055,46.348799],[9.5287,46.306218],[9.579602,46.296115],[9.639495,46.295882],[9.787754,46.346034],[9.884441,46.367764],[9.93927,46.361796],[9.971671,46.327663],[10.041021,46.238108],[10.080553,46.22798],[10.128354,46.238212],[10.1452,46.253534],[10.129904,46.287976],[10.109647,46.362855],[10.081897,46.420733],[10.04562,46.447915],[10.03823,46.483184],[10.061226,46.546797],[10.087013,46.599895],[10.1375,46.614364],[10.195533,46.621082],[10.272273,46.564858],[10.363068,46.547082],[10.430609,46.550053],[10.442495,46.582842],[10.438257,46.618834],[10.39795,46.665033],[10.406011,46.734874],[10.45283,46.864943]]}},{"type":"Feature","properties":{"SCALERANK":1,"FEATURECLA":"International boundary (verify)","NAME":null,"MIN_ZOOM":0,"FCLASS_ISO":null,"FCLASS_US":null,"FCLASS_FR":null,"FCLASS_RU":null,"FCLASS_ES":null,"FCLASS_CN":null,"FCLASS_TW":null,"FCLASS_IN":null,"FCLASS_NP":null,"FCLASS_PK":null,"FCLASS_DE":null,"FCLASS_GB":null,"FCLASS_BR":null,"FCLASS_IL":null,"FCLASS_PS":null,"FCLASS_SA":null,"FCLASS_EG":null,"FCLASS_MA":null,"FCLASS_PT":null,"FCLASS_AR":null,"FCLASS_JP":null,"FCLASS_KO":null,"FCLASS_VN":null,"FCLASS_TR":null,"FCLASS_ID":null,"FCLASS_PL":null,"FCLASS_GR":null,"FCLASS_IT":null,"FCLASS_NL":null,"FCLASS_SE":null,"FCLASS_BD":null,"FCLASS_UA":null,"NE_ID":1746705995,"BRK_A3":null,"FCLASS_TLC":null},"bbox":[9.580222,46.851507,10.454587,47.05749],"geometry":{"type":"LineString","coordinates":[[10.45283,46.864943],[10.454587,46.899437],[10.4149,46.964395],[10.349425,46.984781],[10.179772,46.862334],[10.13347,46.851507],[9.996889,46.88533],[9.877723,46.937678],[9.864649,46.97597],[9.845322,47.007364],[9.745018,47.037129],[9.619961,47.05749],[9.580222,47.057386]]}},{"type":"Feature","properties":{"SCALERANK":1,"FEATURECLA":"International boundary (verify)","NAME":null,"MIN_ZOOM":0,"FCLASS_ISO":null,"FCLASS_US":null,"FCLASS_FR":null,"FCLASS_RU":null,"FCLASS_ES":null,"FCLASS_CN":null,"FCLASS_TW":null,"FCLASS_IN":null,"FCLASS_NP":null,"FCLASS_PK":null,"FCLASS_DE":null,"FCLASS_GB":null,"FCLASS_BR":null,"FCLASS_IL":null,"FCLASS_PS":null,"FCLASS_SA":null,"FCLASS_EG":null,"FCLASS_MA":null,"FCLASS_PT":null,"FCLASS_AR":null,"FCLASS_JP":null,"FCLASS_KO":null,"FCLASS_VN":null,"FCLASS_TR":null,"FCLASS_ID":null,"FCLASS_PL":null,"FCLASS_GR":null,"FCLASS_IT":null,"FCLASS_NL":null,"FCLASS_SE":null,"FCLASS_BD":null,"FCLASS_UA":null,"NE_ID":1746706009,"BRK_A3":null,"FCLASS_TLC":null},"bbox":[44.023184,37.142436,44.817141,39.768529],"geometry":{"type":"LineString","coordinates":[[44.765154,37.142436],[44.766705,37.156337],[44.758333,37.217108],[44.79678,37.269767],[44.794196,37.290386],[44.715131,37.357152],[44.60413,37.423711],[44.574055,37.435416],[44.573125,37.506393],[44.577207,37.560188],[44.567234,37.608635],[44.546046,37.636308],[44.545271,37.658167],[44.589971,37.71036],[44.561239,37.744621],[44.397786,37.829242],[44.33624,37.871771],[44.222965,37.880169],[44.211286,37.908074],[44.228908,37.967192],[44.267924,38.038815],[44.329419,38.10925],[44.348952,38.146509],[44.372723,38.209735],[44.380888,38.254616],[44.449618,38.317765],[44.449876,38.33425],[44.430859,38.356781],[44.375772,38.36957],[44.3196,38.374712],[44.298516,38.386288],[44.290868,38.42011],[44.297844,38.557802],[44.280171,38.640691],[44.257072,38.700635],[44.271644,38.836054],[44.232474,38.86321],[44.170824,38.934368],[44.14452,38.994364],[44.158783,39.01674],[44.171857,39.056273],[44.18059,39.108078],[44.178058,39.144846],[44.121266,39.180606],[44.079098,39.21833],[44.074344,39.259981],[44.057549,39.310831],[44.033829,39.351035],[44.023184,39.377442],[44.043906,39.392945],[44.124056,39.405244],[44.240483,39.396795],[44.335413,39.396045],[44.389363,39.422142],[44.455922,39.666726],[44.516694,39.73127],[44.587129,39.768529],[44.725053,39.681713],[44.782104,39.651068],[44.817141,39.650422]]}},{"type":"Feature","properties":{"SCALERANK":1,"FEATURECLA":"International boundary (verify)","NAME":null,"MIN_ZOOM":0,"FCLASS_ISO":null,"FCLASS_US":null,"FCLASS_FR":null,"FCLASS_RU":null,"FCLASS_ES":null,"FCLASS_CN":null,"FCLASS_TW":null,"FCLASS_IN":null,"FCLASS_NP":null,"FCLASS_PK":null,"FCLASS_DE":null,"FCLASS_GB":null,"FCLASS_BR":null,"FCLASS_IL":null,"FCLASS_PS":null,"FCLASS_SA":null,"FCLASS_EG":null,"FCLASS_MA":null,"FCLASS_PT":null,"FCLASS_AR":null,"FCLASS_JP":null,"FCLASS_KO":null,"FCLASS_VN":null,"FCLASS_TR":null,"FCLASS_ID":null,"FCLASS_PL":null,"FCLASS_GR":null,"FCLASS_IT":null,"FCLASS_NL":null,"FCLASS_SE":null,"FCLASS_BD":null,"FCLASS_UA":null,"NE_ID":1746706019,"BRK_A3":null,"FCLASS_TLC":null},"bbox":[22.766239,53.939809,23.484644,54.395776],"geometry":{"type":"LineString","coordinates":[[23.484644,53.939809],[23.477668,53.958955],[23.482991,54.005954],[23.481389,54.079025],[23.453639,54.143465],[23.370078,54.200465],[23.282331,54.240307],[23.170297,54.281442],[23.087511,54.299451],[23.042191,54.304179],[23.031959,54.327873],[23.015526,54.348363],[22.976717,54.366346],[22.893931,54.390531],[22.823755,54.395776],[22.766239,54.356786]]}},{"type":"Feature","properties":{"SCALERANK":1,"FEATURECLA":"International boundary (verify)","NAME":null,"MIN_ZOOM":0,"FCLASS_ISO":null,"FCLASS_US":null,"FCLASS_FR":null,"FCLASS_RU":null,"FCLASS_ES":null,"FCLASS_CN":null,"FCLASS_TW":null,"FCLASS_IN":null,"FCLASS_NP":null,"FCLASS_PK":null,"FCLASS_DE":null,"FCLASS_GB":null,"FCLASS_BR":null,"FCLASS_IL":null,"FCLASS_PS":null,"FCLASS_SA":null,"FCLASS_EG":null,"FCLASS_MA":null,"FCLASS_PT":null,"FCLASS_AR":null,"FCLASS_JP":null,"FCLASS_KO":null,"FCLASS_VN":null,"FCLASS_TR":null,"FCLASS_ID":null,"FCLASS_PL":null,"FCLASS_GR":null,"FCLASS_IT":null,"FCLASS_NL":null,"FCLASS_SE":null,"FCLASS_BD":null,"FCLASS_UA":null,"NE_ID":1746706039,"BRK_A3":null,"FCLASS_TLC":null},"bbox":[5.857503,50.750443,7.197318,53.282278],"geometry":{"type":"LineString","coordinates":[[7.197318,53.282278],[7.188947,53.187193],[7.189928,52.999504],[7.179541,52.966225],[7.117065,52.887005],[7.050867,52.744791],[7.032987,52.65136],[7.013143,52.633532],[6.748457,52.6341],[6.710733,52.617874],[6.70541,52.597668],[6.718794,52.573587],[6.712438,52.549661],[6.691613,52.530179],[6.702981,52.499225],[6.748818,52.464033],[6.832483,52.442277],[6.922038,52.440262],[6.968133,52.444112],[7.001826,52.418971],[7.035158,52.380214],[7.032625,52.331483],[7.019603,52.266035],[6.97728,52.205496],[6.855065,52.135784],[6.80034,52.111212],[6.749025,52.098681],[6.724479,52.080232],[6.712955,52.0569],[6.715642,52.036204],[6.802407,51.980187],[6.80034,51.967397],[6.775225,51.938277],[6.741842,51.910889],[6.517566,51.853941],[6.424962,51.858385],[6.372149,51.830015],[6.355716,51.824666],[6.297115,51.850737],[6.166528,51.880761],[6.117229,51.8704],[6.089841,51.853941],[6.007572,51.833994],[5.948764,51.802678],[5.948505,51.762396],[6.052737,51.658242],[6.089375,51.637779],[6.091132,51.598918],[6.141569,51.550084],[6.193245,51.488899],[6.198878,51.449986],[6.192832,51.410609],[6.166218,51.35485],[6.075836,51.224109],[6.074751,51.199046],[6.082451,51.179977],[6.113353,51.174706],[6.136918,51.164836],[6.129993,51.147421],[5.961063,51.056677],[5.939204,51.040812],[5.868407,51.045308],[5.857503,51.030115],[5.867167,51.005673],[5.89471,50.984227],[5.95512,50.972935],[6.006848,50.949965],[6.048448,50.904903],[5.993929,50.750443]]}},{"type":"Feature","properties":{"SCALERANK":1,"FEATURECLA":"International boundary (verify)","NAME":null,"MIN_ZOOM":0,"FCLASS_ISO":null,"FCLASS_US":null,"FCLASS_FR":null,"FCLASS_RU":null,"FCLASS_ES":null,"FCLASS_CN":null,"FCLASS_TW":null,"FCLASS_IN":null,"FCLASS_NP":null,"FCLASS_PK":null,"FCLASS_DE":null,"FCLASS_GB":null,"FCLASS_BR":null,"FCLASS_IL":null,"FCLASS_PS":null,"FCLASS_SA":null,"FCLASS_EG":null,"FCLASS_MA":null,"FCLASS_PT":null,"FCLASS_AR":null,"FCLASS_JP":null,"FCLASS_KO":null,"FCLASS_VN":null,"FCLASS_TR":null,"FCLASS_ID":null,"FCLASS_PL":null,"FCLASS_GR":null,"FCLASS_IT":null,"FCLASS_NL":null,"FCLASS_SE":null,"FCLASS_BD":null,"FCLASS_UA":null,"NE_ID":1746706051,"BRK_A3":null,"FCLASS_TLC":null},"bbox":[9.527512,47.057386,9.610504,47.270758],"geometry":{"type":"LineString","coordinates":[[9.580222,47.057386],[9.595725,47.075835],[9.610504,47.107151],[9.601202,47.132059],[9.57185,47.157923],[9.555779,47.185492],[9.551076,47.212235],[9.542136,47.234146],[9.536814,47.254635],[9.527512,47.270758]]}},{"type":"Feature","properties":{"SCALERANK":1,"FEATURECLA":"International boundary (verify)","NAME":null,"MIN_ZOOM":0,"FCLASS_ISO":null,"FCLASS_US":null,"FCLASS_FR":null,"FCLASS_RU":null,"FCLASS_ES":null,"FCLASS_CN":null,"FCLASS_TW":null,"FCLASS_IN":null,"FCLASS_NP":null,"FCLASS_PK":null,"FCLASS_DE":null,"FCLASS_GB":null,"FCLASS_BR":null,"FCLASS_IL":null,"FCLASS_PS":null,"FCLASS_SA":null,"FCLASS_EG":null,"FCLASS_MA":null,"FCLASS_PT":null,"FCLASS_AR":null,"FCLASS_JP":null,"FCLASS_KO":null,"FCLASS_VN":null,"FCLASS_TR":null,"FCLASS_ID":null,"FCLASS_PL":null,"FCLASS_GR":null,"FCLASS_IT":null,"FCLASS_NL":null,"FCLASS_SE":null,"FCLASS_BD":null,"FCLASS_UA":null,"NE_ID":1746706075,"BRK_A3":null,"FCLASS_TLC":null},"bbox":[6.627689,43.767148,7.677134,45.925776],"geometry":{"type":"LineString","coordinates":[[7.493114,43.767148],[7.49053,43.822958],[7.482004,43.864894],[7.522673,43.911067],[7.589697,43.96543],[7.651502,44.033643],[7.677134,44.083149],[7.665042,44.116041],[7.63724,44.16485],[7.599464,44.168364],[7.370899,44.127384],[7.318551,44.137978],[7.149362,44.201695],[6.967255,44.280011],[6.90023,44.335744],[6.874857,44.392019],[6.893874,44.428193],[6.878578,44.463281],[6.842921,44.510694],[6.875167,44.564567],[6.931908,44.631643],[6.96033,44.67717],[7.007872,44.688978],[7.030713,44.716702],[6.992679,44.82729],[6.972836,44.845041],[6.939866,44.858761],[6.889327,44.860285],[6.801115,44.883152],[6.738225,44.921393],[6.724685,44.973017],[6.691406,45.022601],[6.634769,45.06818],[6.627689,45.11797],[6.692284,45.144299],[6.780341,45.145333],[6.842301,45.135643],[6.981207,45.215587],[7.032367,45.222589],[7.078359,45.239926],[7.116806,45.349041],[7.146365,45.381726],[7.153393,45.40095],[7.126108,45.423688],[7.01366,45.500505],[6.962397,45.580577],[6.881472,45.670339],[6.806231,45.710001],[6.790935,45.740878],[6.789178,45.7801],[6.804474,45.814568],[6.940796,45.868363],[7.021102,45.925776]]}},{"type":"Feature","properties":{"SCALERANK":1,"FEATURECLA":"International boundary (verify)","NAME":null,"MIN_ZOOM":0,"FCLASS_ISO":null,"FCLASS_US":null,"FCLASS_FR":null,"FCLASS_RU":null,"FCLASS_ES":null,"FCLASS_CN":null,"FCLASS_TW":null,"FCLASS_IN":null,"FCLASS_NP":null,"FCLASS_PK":null,"FCLASS_DE":null,"FCLASS_GB":null,"FCLASS_BR":null,"FCLASS_IL":null,"FCLASS_PS":null,"FCLASS_SA":null,"FCLASS_EG":null,"FCLASS_MA":null,"FCLASS_PT":null,"FCLASS_AR":null,"FCLASS_JP":null,"FCLASS_KO":null,"FCLASS_VN":null,"FCLASS_TR":null,"FCLASS_ID":null,"FCLASS_PL":null,"FCLASS_GR":null,"FCLASS_IT":null,"FCLASS_NL":null,"FCLASS_SE":null,"FCLASS_BD":null,"FCLASS_UA":null,"NE_ID":1746706087,"BRK_A3":null,"FCLASS_TLC":null},"bbox":[27.731,60.456569,31.536504,69.021989],"geometry":{"type":"LineString","coordinates":[[28.96586,69.021989],[28.898939,69.00969],[28.692234,68.961011],[28.56604,68.928248],[28.414008,68.904167],[28.453488,68.872282],[28.705928,68.865538],[28.74484,68.856469],[28.772849,68.840036],[28.777603,68.81381],[28.752075,68.771436],[28.479327,68.537626],[28.470748,68.488378],[28.560097,68.351358],[28.685206,68.189792],[29.06296,68.117961],[29.343873,68.061867],[29.524172,67.929084],[29.82157,67.754004],[29.979235,67.688582],[29.988072,67.668273],[29.941253,67.547479],[29.750619,67.426401],[29.572283,67.324366],[29.387747,67.201428],[29.243414,67.096602],[29.08699,66.970951],[29.069006,66.930204],[29.066268,66.891731],[29.093088,66.849227],[29.29323,66.695516],[29.37121,66.617019],[29.464331,66.532167],[29.544378,66.439718],[29.590732,66.356829],[29.670882,66.276136],[29.720646,66.234872],[29.803484,66.177072],[29.903426,66.091082],[29.936602,66.022973],[30.087497,65.786527],[30.102742,65.726273],[30.095352,65.681676],[30.028999,65.670721],[29.882652,65.663641],[29.723902,65.634392],[29.715944,65.624573],[29.819452,65.568763],[29.728036,65.47342],[29.714807,65.336942],[29.617138,65.265345],[29.607992,65.248679],[29.612384,65.234778],[29.629696,65.223874],[29.810563,65.204754],[29.826221,65.185324],[29.826945,65.145068],[29.810873,65.107913],[29.720026,65.080317],[29.622513,65.039493],[29.600912,65.00195],[29.604219,64.968386],[29.637447,64.911749],[29.701681,64.845758],[29.783226,64.804313],[30.072821,64.765039],[30.110235,64.732587],[30.126151,64.688093],[30.120157,64.644633],[29.985591,64.557739],[29.986625,64.524279],[30.041867,64.443379],[30.108116,64.366123],[30.390683,64.282433],[30.487886,64.236545],[30.513776,64.200009],[30.527884,64.141124],[30.526075,64.077304],[30.503906,64.020589],[30.415332,63.947518],[30.21028,63.803341],[30.004091,63.747324],[29.991534,63.73518],[30.055406,63.689007],[30.418536,63.504031],[30.655266,63.417473],[30.974782,63.300633],[31.180867,63.208287],[31.247426,63.141883],[31.336723,63.068089],[31.436976,63.007731],[31.509271,62.955331],[31.536504,62.921638],[31.534024,62.885413],[31.437337,62.776117],[31.382405,62.691652],[31.285667,62.567809],[31.186758,62.481406],[30.935714,62.323793],[30.565608,62.127578],[30.479721,62.068201],[30.306502,61.964849],[30.009931,61.757368],[29.933191,61.711582],[29.690157,61.546114],[29.579415,61.493482],[29.49234,61.444234],[29.251631,61.287784],[28.99299,61.169031],[28.739052,61.058754],[28.66283,61.00284],[28.568107,60.960207],[28.455039,60.919641],[28.407445,60.896929],[28.152008,60.745827],[27.797663,60.536124],[27.731,60.456569]]}},{"type":"Feature","properties":{"SCALERANK":1,"FEATURECLA":"International boundary (verify)","NAME":null,"MIN_ZOOM":0,"FCLASS_ISO":null,"FCLASS_US":null,"FCLASS_FR":null,"FCLASS_RU":null,"FCLASS_ES":null,"FCLASS_CN":null,"FCLASS_TW":null,"FCLASS_IN":null,"FCLASS_NP":null,"FCLASS_PK":null,"FCLASS_DE":null,"FCLASS_GB":null,"FCLASS_BR":null,"FCLASS_IL":null,"FCLASS_PS":null,"FCLASS_SA":null,"FCLASS_EG":null,"FCLASS_MA":null,"FCLASS_PT":null,"FCLASS_AR":null,"FCLASS_JP":null,"FCLASS_KO":null,"FCLASS_VN":null,"FCLASS_TR":null,"FCLASS_ID":null,"FCLASS_PL":null,"FCLASS_GR":null,"FCLASS_IT":null,"FCLASS_NL":null,"FCLASS_SE":null,"FCLASS_BD":null,"FCLASS_UA":null,"NE_ID":1746706099,"BRK_A3":null,"FCLASS_TLC":null},"bbox":[28.96586,69.021989,30.924139,69.783441],"geometry":{"type":"LineString","coordinates":[[30.869775,69.783441],[30.924139,69.65177],[30.922485,69.605829],[30.896647,69.561232],[30.860732,69.538417],[30.788901,69.528521],[30.615372,69.532552],[30.379676,69.584694],[30.22754,69.633786],[30.180153,69.635853],[30.159741,69.629859],[30.196534,69.580559],[30.186716,69.542784],[30.163772,69.501598],[30.131887,69.464236],[30.08729,69.432868],[29.994066,69.392457],[29.832732,69.360469],[29.388315,69.298148],[29.35302,69.27063],[29.209928,69.097023],[29.170861,69.071521],[29.118564,69.049946],[28.96586,69.021989]]}},{"type":"Feature","properties":{"SCALERANK":1,"FEATURECLA":"International boundary (verify)","NAME":null,"MIN_ZOOM":0,"FCLASS_ISO":null,"FCLASS_US":null,"FCLASS_FR":null,"FCLASS_RU":null,"FCLASS_ES":null,"FCLASS_CN":null,"FCLASS_TW":null,"FCLASS_IN":null,"FCLASS_NP":null,"FCLASS_PK":null,"FCLASS_DE":null,"FCLASS_GB":null,"FCLASS_BR":null,"FCLASS_IL":null,"FCLASS_PS":null,"FCLASS_SA":null,"FCLASS_EG":null,"FCLASS_MA":null,"FCLASS_PT":null,"FCLASS_AR":null,"FCLASS_JP":null,"FCLASS_KO":null,"FCLASS_VN":null,"FCLASS_TR":null,"FCLASS_ID":null,"FCLASS_PL":null,"FCLASS_GR":null,"FCLASS_IT":null,"FCLASS_NL":null,"FCLASS_SE":null,"FCLASS_BD":null,"FCLASS_UA":null,"NE_ID":1746706145,"BRK_A3":null,"FCLASS_TLC":null},"bbox":[45.001419,41.070207,46.672583,41.890958],"geometry":{"type":"LineString","coordinates":[[46.429911,41.890958],[46.405468,41.855068],[46.348262,41.790163],[46.302528,41.75709],[46.251834,41.751767],[46.201862,41.736884],[46.184241,41.702158],[46.182122,41.657096],[46.190545,41.62485],[46.203516,41.612602],[46.254727,41.602138],[46.305422,41.507699],[46.385004,41.459847],[46.508769,41.405587],[46.618891,41.34373],[46.672583,41.286834],[46.662403,41.245493],[46.626333,41.159684],[46.534349,41.088552],[46.457919,41.070207],[46.430944,41.077054],[46.380766,41.0993],[46.279997,41.154439],[46.170753,41.197847],[46.086521,41.183843],[46.031227,41.167281],[45.921983,41.186737],[45.792792,41.224409],[45.725509,41.261616],[45.695692,41.289005],[45.715587,41.337658],[45.422323,41.425275],[45.280988,41.449563],[45.217168,41.423208],[45.001419,41.290968]]}},{"type":"Feature","properties":{"SCALERANK":1,"FEATURECLA":"International boundary (verify)","NAME":null,"MIN_ZOOM":0,"FCLASS_ISO":null,"FCLASS_US":null,"FCLASS_FR":null,"FCLASS_RU":null,"FCLASS_ES":null,"FCLASS_CN":null,"FCLASS_TW":null,"FCLASS_IN":null,"FCLASS_NP":null,"FCLASS_PK":null,"FCLASS_DE":null,"FCLASS_GB":null,"FCLASS_BR":null,"FCLASS_IL":null,"FCLASS_PS":null,"FCLASS_SA":null,"FCLASS_EG":null,"FCLASS_MA":null,"FCLASS_PT":null,"FCLASS_AR":null,"FCLASS_JP":null,"FCLASS_KO":null,"FCLASS_VN":null,"FCLASS_TR":null,"FCLASS_ID":null,"FCLASS_PL":null,"FCLASS_GR":null,"FCLASS_IT":null,"FCLASS_NL":null,"FCLASS_SE":null,"FCLASS_BD":null,"FCLASS_UA":null,"NE_ID":1746709059,"BRK_A3":null,"FCLASS_TLC":null},"bbox":[13.577911,45.42839,16.516181,46.534628],"geometry":{"type":"LineString","coordinates":[[16.516181,46.499901],[16.427659,46.524396],[16.321206,46.534628],[16.301207,46.521398],[16.258419,46.507885],[16.236766,46.48383],[16.253303,46.389107],[16.227413,46.372829],[16.106438,46.382208],[16.066493,46.37133],[16.000708,46.305391],[15.933322,46.277641],[15.847591,46.257874],[15.784288,46.233974],[15.704241,46.213252],[15.635976,46.20072],[15.609001,46.171937],[15.592568,46.139975],[15.596909,46.109227],[15.666207,46.048507],[15.675612,45.983705],[15.668067,45.904459],[15.652203,45.862162],[15.624762,45.834024],[15.454075,45.797618],[15.277032,45.732609],[15.272949,45.717727],[15.35372,45.659926],[15.356975,45.645483],[15.290106,45.612668],[15.283543,45.579673],[15.291191,45.541536],[15.326693,45.502288],[15.339457,45.467044],[15.242098,45.441413],[15.110479,45.450792],[14.954571,45.49991],[14.9,45.492676],[14.847084,45.467354],[14.793082,45.478206],[14.733602,45.508489],[14.649473,45.571482],[14.608545,45.610085],[14.591802,45.651271],[14.568858,45.657213],[14.534028,45.645276],[14.505192,45.595202],[14.427368,45.50575],[14.369904,45.481462],[14.282984,45.48663],[14.161234,45.485131],[14.08558,45.477845],[13.992821,45.509445],[13.970341,45.503347],[13.970135,45.482599],[13.935615,45.449784],[13.878667,45.42839],[13.615221,45.476759],[13.577911,45.516886]]}},{"type":"Feature","properties":{"SCALERANK":1,"FEATURECLA":"International boundary (verify)","NAME":null,"MIN_ZOOM":0,"FCLASS_ISO":null,"FCLASS_US":null,"FCLASS_FR":null,"FCLASS_RU":null,"FCLASS_ES":null,"FCLASS_CN":null,"FCLASS_TW":null,"FCLASS_IN":null,"FCLASS_NP":null,"FCLASS_PK":null,"FCLASS_DE":null,"FCLASS_GB":null,"FCLASS_BR":null,"FCLASS_IL":null,"FCLASS_PS":null,"FCLASS_SA":null,"FCLASS_EG":null,"FCLASS_MA":null,"FCLASS_PT":null,"FCLASS_AR":null,"FCLASS_JP":null,"FCLASS_KO":null,"FCLASS_VN":null,"FCLASS_TR":null,"FCLASS_ID":null,"FCLASS_PL":null,"FCLASS_GR":null,"FCLASS_IT":null,"FCLASS_NL":null,"FCLASS_SE":null,"FCLASS_BD":null,"FCLASS_UA":null,"NE_ID":1746706255,"BRK_A3":null,"FCLASS_TLC":null},"bbox":[16.516181,45.753022,18.905389,46.499901],"geometry":{"type":"LineString","coordinates":[[18.905389,45.931719],[18.900325,45.931719],[18.83299,45.910841],[18.721783,45.899369],[18.665972,45.907482],[18.564686,45.813302],[18.533577,45.79612],[18.437304,45.767336],[18.358291,45.753022],[18.290595,45.764442],[18.263929,45.765476],[17.963844,45.770281],[17.807161,45.790409],[17.706392,45.827255],[17.639678,45.868363],[17.607019,45.913787],[17.529194,45.94133],[17.406307,45.951097],[17.310603,45.996159],[17.242183,46.076619],[17.149579,46.140336],[17.032687,46.18731],[16.939979,46.253663],[16.871456,46.339291],[16.748053,46.416418],[16.569976,46.484992],[16.516181,46.499901]]}},{"type":"Feature","properties":{"SCALERANK":1,"FEATURECLA":"International boundary (verify)","NAME":null,"MIN_ZOOM":0,"FCLASS_ISO":null,"FCLASS_US":null,"FCLASS_FR":null,"FCLASS_RU":null,"FCLASS_ES":null,"FCLASS_CN":null,"FCLASS_TW":null,"FCLASS_IN":null,"FCLASS_NP":null,"FCLASS_PK":null,"FCLASS_DE":null,"FCLASS_GB":null,"FCLASS_BR":null,"FCLASS_IL":null,"FCLASS_PS":null,"FCLASS_SA":null,"FCLASS_EG":null,"FCLASS_MA":null,"FCLASS_PT":null,"FCLASS_AR":null,"FCLASS_JP":null,"FCLASS_KO":null,"FCLASS_VN":null,"FCLASS_TR":null,"FCLASS_ID":null,"FCLASS_PL":null,"FCLASS_GR":null,"FCLASS_IT":null,"FCLASS_NL":null,"FCLASS_SE":null,"FCLASS_BD":null,"FCLASS_UA":null,"NE_ID":1746706179,"BRK_A3":null,"FCLASS_TLC":null},"bbox":[18.905389,45.931383,20.241845,46.169172],"geometry":{"type":"LineString","coordinates":[[20.241845,46.108607],[20.210167,46.126022],[20.161385,46.141887],[19.934112,46.161472],[19.844401,46.145892],[19.724512,46.151912],[19.61346,46.169172],[19.530726,46.155193],[19.457552,46.087368],[19.421275,46.06445],[19.392904,46.049799],[19.330221,46.028509],[19.278131,46.002877],[19.20842,45.984429],[19.146253,45.987012],[19.087342,46.016184],[19.066258,46.009518],[19.047654,45.982672],[19.015718,45.959727],[18.927868,45.931383],[18.905389,45.931719]]}},{"type":"Feature","properties":{"SCALERANK":1,"FEATURECLA":"International boundary (verify)","NAME":null,"MIN_ZOOM":0,"FCLASS_ISO":null,"FCLASS_US":null,"FCLASS_FR":null,"FCLASS_RU":null,"FCLASS_ES":null,"FCLASS_CN":null,"FCLASS_TW":null,"FCLASS_IN":null,"FCLASS_NP":null,"FCLASS_PK":null,"FCLASS_DE":null,"FCLASS_GB":null,"FCLASS_BR":null,"FCLASS_IL":null,"FCLASS_PS":null,"FCLASS_SA":null,"FCLASS_EG":null,"FCLASS_MA":null,"FCLASS_PT":null,"FCLASS_AR":null,"FCLASS_JP":null,"FCLASS_KO":null,"FCLASS_VN":null,"FCLASS_TR":null,"FCLASS_ID":null,"FCLASS_PL":null,"FCLASS_GR":null,"FCLASS_IT":null,"FCLASS_NL":null,"FCLASS_SE":null,"FCLASS_BD":null,"FCLASS_UA":null,"NE_ID":1746706277,"BRK_A3":null,"FCLASS_TLC":null},"bbox":[16.093054,46.499901,16.516181,46.86329],"geometry":{"type":"LineString","coordinates":[[16.516181,46.499901],[16.505691,46.52207],[16.418461,46.607233],[16.381254,46.638652],[16.384561,46.68082],[16.367198,46.704798],[16.335468,46.721619],[16.318415,46.782519],[16.308493,46.827995],[16.283585,46.857269],[16.093054,46.86329]]}},{"type":"Feature","properties":{"SCALERANK":1,"FEATURECLA":"International boundary (verify)","NAME":null,"MIN_ZOOM":0,"FCLASS_ISO":null,"FCLASS_US":null,"FCLASS_FR":null,"FCLASS_RU":null,"FCLASS_ES":null,"FCLASS_CN":null,"FCLASS_TW":null,"FCLASS_IN":null,"FCLASS_NP":null,"FCLASS_PK":null,"FCLASS_DE":null,"FCLASS_GB":null,"FCLASS_BR":null,"FCLASS_IL":null,"FCLASS_PS":null,"FCLASS_SA":null,"FCLASS_EG":null,"FCLASS_MA":null,"FCLASS_PT":null,"FCLASS_AR":null,"FCLASS_JP":null,"FCLASS_KO":null,"FCLASS_VN":null,"FCLASS_TR":null,"FCLASS_ID":null,"FCLASS_PL":null,"FCLASS_GR":null,"FCLASS_IT":null,"FCLASS_NL":null,"FCLASS_SE":null,"FCLASS_BD":null,"FCLASS_UA":null,"NE_ID":1746706317,"BRK_A3":null,"FCLASS_TLC":null},"bbox":[26.318012,41.716575,28.014445,42.093245],"geometry":{"type":"LineString","coordinates":[[28.014445,41.969066],[27.879208,41.986636],[27.831924,41.981288],[27.801642,41.956535],[27.738907,41.961522],[27.661185,41.961315],[27.579847,41.932893],[27.534836,41.920775],[27.47484,41.946897],[27.362909,42.025032],[27.294903,42.079551],[27.244363,42.093245],[27.193359,42.077096],[27.011716,42.058648],[26.968721,42.026841],[26.88485,41.991856],[26.800359,41.975164],[26.67923,41.96333],[26.615358,41.964881],[26.579701,41.947957],[26.549729,41.896719],[26.529316,41.846671],[26.511436,41.826362],[26.360386,41.801583],[26.32721,41.772799],[26.318012,41.744687],[26.320905,41.716575]]}},{"type":"Feature","properties":{"SCALERANK":1,"FEATURECLA":"International boundary (verify)","NAME":null,"MIN_ZOOM":0,"FCLASS_ISO":null,"FCLASS_US":null,"FCLASS_FR":null,"FCLASS_RU":null,"FCLASS_ES":null,"FCLASS_CN":null,"FCLASS_TW":null,"FCLASS_IN":null,"FCLASS_NP":null,"FCLASS_PK":null,"FCLASS_DE":null,"FCLASS_GB":null,"FCLASS_BR":null,"FCLASS_IL":null,"FCLASS_PS":null,"FCLASS_SA":null,"FCLASS_EG":null,"FCLASS_MA":null,"FCLASS_PT":null,"FCLASS_AR":null,"FCLASS_JP":null,"FCLASS_KO":null,"FCLASS_VN":null,"FCLASS_TR":null,"FCLASS_ID":null,"FCLASS_PL":null,"FCLASS_GR":null,"FCLASS_IT":null,"FCLASS_NL":null,"FCLASS_SE":null,"FCLASS_BD":null,"FCLASS_UA":null,"NE_ID":1746706391,"BRK_A3":null,"FCLASS_TLC":null},"bbox":[5.993929,50.120972,6.364501,50.750443],"geometry":{"type":"LineString","coordinates":[[5.993929,50.750443],[6.00597,50.732227],[6.119451,50.679232],[6.154488,50.637271],[6.235981,50.596705],[6.16844,50.545339],[6.178672,50.522498],[6.203064,50.499114],[6.294944,50.485498],[6.340936,50.451753],[6.343623,50.400257],[6.364501,50.316154],[6.175055,50.232645],[6.121311,50.139369],[6.116506,50.120972]]}},{"type":"Feature","properties":{"SCALERANK":1,"FEATURECLA":"International boundary (verify)","NAME":null,"MIN_ZOOM":0,"FCLASS_ISO":null,"FCLASS_US":null,"FCLASS_FR":null,"FCLASS_RU":null,"FCLASS_ES":null,"FCLASS_CN":null,"FCLASS_TW":null,"FCLASS_IN":null,"FCLASS_NP":null,"FCLASS_PK":null,"FCLASS_DE":null,"FCLASS_GB":null,"FCLASS_BR":null,"FCLASS_IL":null,"FCLASS_PS":null,"FCLASS_SA":null,"FCLASS_EG":null,"FCLASS_MA":null,"FCLASS_PT":null,"FCLASS_AR":null,"FCLASS_JP":null,"FCLASS_KO":null,"FCLASS_VN":null,"FCLASS_TR":null,"FCLASS_ID":null,"FCLASS_PL":null,"FCLASS_GR":null,"FCLASS_IT":null,"FCLASS_NL":null,"FCLASS_SE":null,"FCLASS_BD":null,"FCLASS_UA":null,"NE_ID":1746706487,"BRK_A3":null,"FCLASS_TLC":null},"bbox":[10.45283,46.520262,13.69997,47.082139],"geometry":{"type":"LineString","coordinates":[[10.45283,46.864943],[10.479392,46.855125],[10.579747,46.85373],[10.689301,46.846392],[10.759788,46.79332],[10.828931,46.775233],[10.927323,46.769497],[10.993262,46.77699],[11.025095,46.796989],[11.06349,46.85913],[11.133925,46.936179],[11.24441,46.975686],[11.433184,46.983076],[11.527545,46.997416],[11.625523,46.996563],[11.699369,46.984678],[11.775643,46.986073],[11.969482,47.039713],[12.169418,47.082139],[12.197168,47.074982],[12.20125,47.0609],[12.16549,47.028189],[12.130764,46.984781],[12.154122,46.935275],[12.268016,46.835875],[12.330131,46.759833],[12.388319,46.702654],[12.479166,46.6725],[12.598642,46.654104],[12.699825,46.647437],[12.805555,46.625888],[13.168737,46.572661],[13.351568,46.557934],[13.490061,46.555557],[13.69997,46.520262]]}},{"type":"Feature","properties":{"SCALERANK":1,"FEATURECLA":"International boundary (verify)","NAME":null,"MIN_ZOOM":0,"FCLASS_ISO":null,"FCLASS_US":null,"FCLASS_FR":null,"FCLASS_RU":null,"FCLASS_ES":null,"FCLASS_CN":null,"FCLASS_TW":null,"FCLASS_IN":null,"FCLASS_NP":null,"FCLASS_PK":null,"FCLASS_DE":null,"FCLASS_GB":null,"FCLASS_BR":null,"FCLASS_IL":null,"FCLASS_PS":null,"FCLASS_SA":null,"FCLASS_EG":null,"FCLASS_MA":null,"FCLASS_PT":null,"FCLASS_AR":null,"FCLASS_JP":null,"FCLASS_KO":null,"FCLASS_VN":null,"FCLASS_TR":null,"FCLASS_ID":null,"FCLASS_PL":null,"FCLASS_GR":null,"FCLASS_IT":null,"FCLASS_NL":null,"FCLASS_SE":null,"FCLASS_BD":null,"FCLASS_UA":null,"NE_ID":1746706511,"BRK_A3":null,"FCLASS_TLC":null},"bbox":[13.378181,45.581973,13.87474,46.520262],"geometry":{"type":"LineString","coordinates":[[13.69997,46.520262],[13.679713,46.462901],[13.637132,46.448535],[13.563234,46.4151],[13.478485,46.369211],[13.399524,46.317535],[13.378181,46.261595],[13.399627,46.224957],[13.421021,46.212296],[13.449753,46.22351],[13.491766,46.216611],[13.544683,46.19656],[13.632481,46.177027],[13.634961,46.157751],[13.616565,46.133102],[13.548042,46.089125],[13.486443,46.039542],[13.480294,46.009233],[13.487684,45.98709],[13.509181,45.973783],[13.600545,45.979778],[13.613981,45.961691],[13.569642,45.834128],[13.58344,45.812372],[13.663487,45.791986],[13.721674,45.761264],[13.831177,45.680416],[13.87474,45.614839],[13.844768,45.59285],[13.775935,45.581973],[13.719866,45.587579]]}},{"type":"Feature","properties":{"SCALERANK":1,"FEATURECLA":"International boundary (verify)","NAME":null,"MIN_ZOOM":0,"FCLASS_ISO":null,"FCLASS_US":null,"FCLASS_FR":null,"FCLASS_RU":null,"FCLASS_ES":null,"FCLASS_CN":null,"FCLASS_TW":null,"FCLASS_IN":null,"FCLASS_NP":null,"FCLASS_PK":null,"FCLASS_DE":null,"FCLASS_GB":null,"FCLASS_BR":null,"FCLASS_IL":null,"FCLASS_PS":null,"FCLASS_SA":null,"FCLASS_EG":null,"FCLASS_MA":null,"FCLASS_PT":null,"FCLASS_AR":null,"FCLASS_JP":null,"FCLASS_KO":null,"FCLASS_VN":null,"FCLASS_TR":null,"FCLASS_ID":null,"FCLASS_PL":null,"FCLASS_GR":null,"FCLASS_IT":null,"FCLASS_NL":null,"FCLASS_SE":null,"FCLASS_BD":null,"FCLASS_UA":null,"NE_ID":1746706553,"BRK_A3":null,"FCLASS_TLC":null},"bbox":[-1.794019,42.595902,1.428316,43.407325],"geometry":{"type":"LineString","coordinates":[[1.428316,42.595902],[1.349458,42.690676],[1.293286,42.709951],[1.20833,42.713155],[1.111178,42.742043],[1.010047,42.77894],[0.764429,42.838032],[0.696836,42.845137],[0.66981,42.835732],[0.651775,42.800437],[0.642008,42.70065],[0.631621,42.689617],[0.517674,42.686258],[0.377269,42.700133],[0.312855,42.69326],[0.25552,42.692898],[0.201414,42.719357],[-0.041155,42.689126],[-0.081488,42.70388],[-0.140012,42.748916],[-0.205331,42.785322],[-0.256077,42.803977],[-0.299304,42.825319],[-0.338553,42.828833],[-0.398446,42.808085],[-0.481154,42.7993],[-0.549806,42.801987],[-0.586444,42.79899],[-0.740182,42.909526],[-0.762661,42.939808],[-0.839194,42.948206],[-0.933839,42.949498],[-1.175452,43.021121],[-1.285472,43.05962],[-1.301543,43.082461],[-1.300044,43.100961],[-1.318829,43.096956],[-1.352728,43.064245],[-1.370531,43.03758],[-1.394044,43.032619],[-1.42877,43.036753],[-1.460861,43.051765],[-1.480498,43.071144],[-1.459414,43.104966],[-1.422621,43.149098],[-1.40735,43.197105],[-1.410709,43.2401],[-1.471713,43.267669],[-1.561475,43.279219],[-1.62713,43.282475],[-1.712836,43.307047],[-1.753272,43.324694],[-1.792727,43.372547],[-1.794019,43.407325]]}},{"type":"Feature","properties":{"SCALERANK":1,"FEATURECLA":"International boundary (verify)","NAME":null,"MIN_ZOOM":0,"FCLASS_ISO":null,"FCLASS_US":null,"FCLASS_FR":null,"FCLASS_RU":null,"FCLASS_ES":null,"FCLASS_CN":null,"FCLASS_TW":null,"FCLASS_IN":null,"FCLASS_NP":null,"FCLASS_PK":null,"FCLASS_DE":null,"FCLASS_GB":null,"FCLASS_BR":null,"FCLASS_IL":null,"FCLASS_PS":null,"FCLASS_SA":null,"FCLASS_EG":null,"FCLASS_MA":null,"FCLASS_PT":null,"FCLASS_AR":null,"FCLASS_JP":null,"FCLASS_KO":null,"FCLASS_VN":null,"FCLASS_TR":null,"FCLASS_ID":null,"FCLASS_PL":null,"FCLASS_GR":null,"FCLASS_IT":null,"FCLASS_NL":null,"FCLASS_SE":null,"FCLASS_BD":null,"FCLASS_UA":null,"NE_ID":1746706561,"BRK_A3":null,"FCLASS_TLC":null},"bbox":[1.428316,42.503297,1.740184,42.64272],"geometry":{"type":"LineString","coordinates":[[1.428316,42.595902],[1.458857,42.621688],[1.501335,42.64272],[1.568153,42.634995],[1.709901,42.604428],[1.73946,42.575929],[1.740184,42.556731],[1.713932,42.525622],[1.706025,42.503297]]}},{"type":"Feature","properties":{"SCALERANK":1,"FEATURECLA":"International boundary (verify)","NAME":null,"MIN_ZOOM":0,"FCLASS_ISO":null,"FCLASS_US":null,"FCLASS_FR":null,"FCLASS_RU":null,"FCLASS_ES":null,"FCLASS_CN":null,"FCLASS_TW":null,"FCLASS_IN":null,"FCLASS_NP":null,"FCLASS_PK":null,"FCLASS_DE":null,"FCLASS_GB":null,"FCLASS_BR":null,"FCLASS_IL":null,"FCLASS_PS":null,"FCLASS_SA":null,"FCLASS_EG":null,"FCLASS_MA":null,"FCLASS_PT":null,"FCLASS_AR":null,"FCLASS_JP":null,"FCLASS_KO":null,"FCLASS_VN":null,"FCLASS_TR":null,"FCLASS_ID":null,"FCLASS_PL":null,"FCLASS_GR":null,"FCLASS_IT":null,"FCLASS_NL":null,"FCLASS_SE":null,"FCLASS_BD":null,"FCLASS_UA":null,"NE_ID":1746706567,"BRK_A3":null,"FCLASS_TLC":null},"bbox":[1.706025,42.340491,3.211412,42.503297],"geometry":{"type":"LineString","coordinates":[[1.706025,42.503297],[1.859711,42.457099],[1.927976,42.4263],[1.951488,42.392762],[1.986525,42.3585],[2.032672,42.353539],[2.098301,42.386095],[2.200414,42.420925],[2.37446,42.390281],[2.567988,42.345814],[2.651652,42.340491],[2.654753,42.362092],[2.669998,42.39302],[2.701882,42.408471],[2.749424,42.413019],[2.81557,42.429245],[2.891379,42.456065],[2.970031,42.467227],[3.052662,42.447229],[3.15219,42.431002],[3.211412,42.431157]]}},{"type":"Feature","properties":{"SCALERANK":1,"FEATURECLA":"International boundary (verify)","NAME":null,"MIN_ZOOM":0,"FCLASS_ISO":null,"FCLASS_US":null,"FCLASS_FR":null,"FCLASS_RU":null,"FCLASS_ES":null,"FCLASS_CN":null,"FCLASS_TW":null,"FCLASS_IN":null,"FCLASS_NP":null,"FCLASS_PK":null,"FCLASS_DE":null,"FCLASS_GB":null,"FCLASS_BR":null,"FCLASS_IL":null,"FCLASS_PS":null,"FCLASS_SA":null,"FCLASS_EG":null,"FCLASS_MA":null,"FCLASS_PT":null,"FCLASS_AR":null,"FCLASS_JP":null,"FCLASS_KO":null,"FCLASS_VN":null,"FCLASS_TR":null,"FCLASS_ID":null,"FCLASS_PL":null,"FCLASS_GR":null,"FCLASS_IT":null,"FCLASS_NL":null,"FCLASS_SE":null,"FCLASS_BD":null,"FCLASS_UA":null,"NE_ID":1746706589,"BRK_A3":null,"FCLASS_TLC":null},"bbox":[1.414829,42.434464,1.706025,42.595902],"geometry":{"type":"LineString","coordinates":[[1.428316,42.595902],[1.414829,42.548411],[1.42196,42.530815],[1.43028,42.497871],[1.428161,42.46131],[1.448832,42.437436],[1.486194,42.434464],[1.534046,42.441699],[1.586394,42.455962],[1.678482,42.496657],[1.706025,42.503297]]}},{"type":"Feature","properties":{"SCALERANK":1,"FEATURECLA":"International boundary (verify)","NAME":null,"MIN_ZOOM":0,"FCLASS_ISO":null,"FCLASS_US":null,"FCLASS_FR":null,"FCLASS_RU":null,"FCLASS_ES":null,"FCLASS_CN":null,"FCLASS_TW":null,"FCLASS_IN":null,"FCLASS_NP":null,"FCLASS_PK":null,"FCLASS_DE":null,"FCLASS_GB":null,"FCLASS_BR":null,"FCLASS_IL":null,"FCLASS_PS":null,"FCLASS_SA":null,"FCLASS_EG":null,"FCLASS_MA":null,"FCLASS_PT":null,"FCLASS_AR":null,"FCLASS_JP":null,"FCLASS_KO":null,"FCLASS_VN":null,"FCLASS_TR":null,"FCLASS_ID":null,"FCLASS_PL":null,"FCLASS_GR":null,"FCLASS_IT":null,"FCLASS_NL":null,"FCLASS_SE":null,"FCLASS_BD":null,"FCLASS_UA":null,"NE_ID":1746706639,"BRK_A3":null,"FCLASS_TLC":null},"bbox":[20.964281,40.84991,22.915997,41.337374],"geometry":{"type":"LineString","coordinates":[[20.964281,40.84991],[21.100035,40.856163],[21.147578,40.863139],[21.323691,40.867144],[21.404151,40.907193],[21.459703,40.903602],[21.575769,40.868927],[21.627497,40.896315],[21.779477,40.950446],[21.929442,41.107414],[21.993314,41.130978],[22.138835,41.140538],[22.184465,41.158625],[22.237692,41.155163],[22.400783,41.123407],[22.493542,41.118524],[22.603613,41.140202],[22.724794,41.17852],[22.755128,41.312724],[22.78386,41.331999],[22.859256,41.337374],[22.915997,41.336289]]}},{"type":"Feature","properties":{"SCALERANK":1,"FEATURECLA":"International boundary (verify)","NAME":null,"MIN_ZOOM":0,"FCLASS_ISO":null,"FCLASS_US":null,"FCLASS_FR":null,"FCLASS_RU":null,"FCLASS_ES":null,"FCLASS_CN":null,"FCLASS_TW":null,"FCLASS_IN":null,"FCLASS_NP":null,"FCLASS_PK":null,"FCLASS_DE":null,"FCLASS_GB":null,"FCLASS_BR":null,"FCLASS_IL":null,"FCLASS_PS":null,"FCLASS_SA":null,"FCLASS_EG":null,"FCLASS_MA":null,"FCLASS_PT":null,"FCLASS_AR":null,"FCLASS_JP":null,"FCLASS_KO":null,"FCLASS_VN":null,"FCLASS_TR":null,"FCLASS_ID":null,"FCLASS_PL":null,"FCLASS_GR":null,"FCLASS_IT":null,"FCLASS_NL":null,"FCLASS_SE":null,"FCLASS_BD":null,"FCLASS_UA":null,"NE_ID":1746706649,"BRK_A3":null,"FCLASS_TLC":null},"bbox":[20.566166,41.853802,21.560834,42.24768],"geometry":{"type":"LineString","coordinates":[[21.560834,42.24768],[21.389527,42.219801],[21.331701,42.187167],[21.297543,42.13009],[21.286639,42.100402],[21.256305,42.099498],[21.206075,42.128953],[21.142513,42.174997],[21.059728,42.171276],[20.778091,42.071024],[20.750393,42.018366],[20.744192,41.904316],[20.724968,41.873517],[20.694892,41.853802],[20.578517,41.86623],[20.566166,41.873698]]}},{"type":"Feature","properties":{"SCALERANK":1,"FEATURECLA":"International boundary (verify)","NAME":null,"MIN_ZOOM":0,"FCLASS_ISO":null,"FCLASS_US":null,"FCLASS_FR":null,"FCLASS_RU":null,"FCLASS_ES":null,"FCLASS_CN":null,"FCLASS_TW":null,"FCLASS_IN":null,"FCLASS_NP":null,"FCLASS_PK":null,"FCLASS_DE":null,"FCLASS_GB":null,"FCLASS_BR":null,"FCLASS_IL":null,"FCLASS_PS":null,"FCLASS_SA":null,"FCLASS_EG":null,"FCLASS_MA":null,"FCLASS_PT":null,"FCLASS_AR":null,"FCLASS_JP":null,"FCLASS_KO":null,"FCLASS_VN":null,"FCLASS_TR":null,"FCLASS_ID":null,"FCLASS_PL":null,"FCLASS_GR":null,"FCLASS_IT":null,"FCLASS_NL":null,"FCLASS_SE":null,"FCLASS_BD":null,"FCLASS_UA":null,"NE_ID":1746706669,"BRK_A3":null,"FCLASS_TLC":null},"bbox":[21.560834,42.242125,22.344042,42.358138],"geometry":{"type":"LineString","coordinates":[[22.344042,42.313955],[22.317429,42.321706],[22.27707,42.349844],[22.239707,42.358138],[22.14669,42.325014],[22.052019,42.304653],[21.977501,42.320053],[21.904121,42.322068],[21.853064,42.308374],[21.814617,42.303103],[21.739273,42.267705],[21.618247,42.242125],[21.560834,42.24768]]}},{"type":"Feature","properties":{"SCALERANK":1,"FEATURECLA":"International boundary (verify)","NAME":null,"MIN_ZOOM":0,"FCLASS_ISO":null,"FCLASS_US":null,"FCLASS_FR":null,"FCLASS_RU":null,"FCLASS_ES":null,"FCLASS_CN":null,"FCLASS_TW":null,"FCLASS_IN":null,"FCLASS_NP":null,"FCLASS_PK":null,"FCLASS_DE":null,"FCLASS_GB":null,"FCLASS_BR":null,"FCLASS_IL":null,"FCLASS_PS":null,"FCLASS_SA":null,"FCLASS_EG":null,"FCLASS_MA":null,"FCLASS_PT":null,"FCLASS_AR":null,"FCLASS_JP":null,"FCLASS_KO":null,"FCLASS_VN":null,"FCLASS_TR":null,"FCLASS_ID":null,"FCLASS_PL":null,"FCLASS_GR":null,"FCLASS_IT":null,"FCLASS_NL":null,"FCLASS_SE":null,"FCLASS_BD":null,"FCLASS_UA":null,"NE_ID":1746706677,"BRK_A3":null,"FCLASS_TLC":null},"bbox":[22.344042,42.313955,22.97682,44.237791],"geometry":{"type":"LineString","coordinates":[[22.344042,42.313955],[22.422074,42.328864],[22.44569,42.35912],[22.523514,42.440976],[22.532403,42.48118],[22.524238,42.503892],[22.472045,42.543295],[22.436233,42.629104],[22.46326,42.709486],[22.465637,42.750776],[22.43923,42.791652],[22.466774,42.842502],[22.522791,42.870303],[22.558086,42.878468],[22.706191,42.88392],[22.79988,42.985749],[22.856879,43.018253],[22.915222,43.075976],[22.9423,43.09706],[22.967983,43.142018],[22.97682,43.18801],[22.859618,43.252347],[22.819672,43.300716],[22.767531,43.35415],[22.696941,43.391047],[22.554624,43.454506],[22.499123,43.518843],[22.474112,43.602248],[22.436285,43.6655],[22.39484,43.706635],[22.386882,43.740121],[22.369622,43.781281],[22.365385,43.862103],[22.399078,43.969539],[22.420833,44.007443],[22.469047,44.018037],[22.597412,44.075295],[22.603406,44.148572],[22.626557,44.194099],[22.667485,44.220195],[22.705105,44.237791]]}},{"type":"Feature","properties":{"SCALERANK":1,"FEATURECLA":"International boundary (verify)","NAME":null,"MIN_ZOOM":0,"FCLASS_ISO":null,"FCLASS_US":null,"FCLASS_FR":null,"FCLASS_RU":null,"FCLASS_ES":null,"FCLASS_CN":null,"FCLASS_TW":null,"FCLASS_IN":null,"FCLASS_NP":null,"FCLASS_PK":null,"FCLASS_DE":null,"FCLASS_GB":null,"FCLASS_BR":null,"FCLASS_IL":null,"FCLASS_PS":null,"FCLASS_SA":null,"FCLASS_EG":null,"FCLASS_MA":null,"FCLASS_PT":null,"FCLASS_AR":null,"FCLASS_JP":null,"FCLASS_KO":null,"FCLASS_VN":null,"FCLASS_TR":null,"FCLASS_ID":null,"FCLASS_PL":null,"FCLASS_GR":null,"FCLASS_IT":null,"FCLASS_NL":null,"FCLASS_SE":null,"FCLASS_BD":null,"FCLASS_UA":null,"NE_ID":1746706699,"BRK_A3":null,"FCLASS_TLC":null},"bbox":[22.344042,41.336289,23.005656,42.313955],"geometry":{"type":"LineString","coordinates":[[22.915997,41.336289],[22.929691,41.356081],[22.951499,41.605626],[23.005656,41.716963],[23.00364,41.73983],[22.991961,41.757193],[22.943954,41.775099],[22.909176,41.835199],[22.836777,41.993613],[22.796056,42.025704],[22.682316,42.059138],[22.582736,42.10482],[22.498245,42.165101],[22.344042,42.313955]]}},{"type":"Feature","properties":{"SCALERANK":1,"FEATURECLA":"International boundary (verify)","NAME":null,"MIN_ZOOM":0,"FCLASS_ISO":null,"FCLASS_US":null,"FCLASS_FR":null,"FCLASS_RU":null,"FCLASS_ES":null,"FCLASS_CN":null,"FCLASS_TW":null,"FCLASS_IN":null,"FCLASS_NP":null,"FCLASS_PK":null,"FCLASS_DE":null,"FCLASS_GB":null,"FCLASS_BR":null,"FCLASS_IL":null,"FCLASS_PS":null,"FCLASS_SA":null,"FCLASS_EG":null,"FCLASS_MA":null,"FCLASS_PT":null,"FCLASS_AR":null,"FCLASS_JP":null,"FCLASS_KO":null,"FCLASS_VN":null,"FCLASS_TR":null,"FCLASS_ID":null,"FCLASS_PL":null,"FCLASS_GR":null,"FCLASS_IT":null,"FCLASS_NL":null,"FCLASS_SE":null,"FCLASS_BD":null,"FCLASS_UA":null,"NE_ID":1746706709,"BRK_A3":null,"FCLASS_TLC":null},"bbox":[18.436374,42.432914,18.517454,42.559728],"geometry":{"type":"LineString","coordinates":[[18.436374,42.559728],[18.438079,42.52296],[18.476681,42.481102],[18.517454,42.432914]]}},{"type":"Feature","properties":{"SCALERANK":1,"FEATURECLA":"International boundary (verify)","NAME":null,"MIN_ZOOM":0,"FCLASS_ISO":null,"FCLASS_US":null,"FCLASS_FR":null,"FCLASS_RU":null,"FCLASS_ES":null,"FCLASS_CN":null,"FCLASS_TW":null,"FCLASS_IN":null,"FCLASS_NP":null,"FCLASS_PK":null,"FCLASS_DE":null,"FCLASS_GB":null,"FCLASS_BR":null,"FCLASS_IL":null,"FCLASS_PS":null,"FCLASS_SA":null,"FCLASS_EG":null,"FCLASS_MA":null,"FCLASS_PT":null,"FCLASS_AR":null,"FCLASS_JP":null,"FCLASS_KO":null,"FCLASS_VN":null,"FCLASS_TR":null,"FCLASS_ID":null,"FCLASS_PL":null,"FCLASS_GR":null,"FCLASS_IT":null,"FCLASS_NL":null,"FCLASS_SE":null,"FCLASS_BD":null,"FCLASS_UA":null,"NE_ID":1746706717,"BRK_A3":null,"FCLASS_TLC":null},"bbox":[17.667583,42.559728,18.436374,42.915469],"geometry":{"type":"LineString","coordinates":[[18.436374,42.559728],[18.346612,42.586652],[18.303979,42.599416],[18.123886,42.690573],[18.044511,42.741267],[17.918834,42.807413],[17.841268,42.84506],[17.801994,42.902239],[17.740241,42.915469],[17.667583,42.897124]]}},{"type":"Feature","properties":{"SCALERANK":1,"FEATURECLA":"International boundary (verify)","NAME":null,"MIN_ZOOM":0,"FCLASS_ISO":"Unrecognized","FCLASS_US":null,"FCLASS_FR":null,"FCLASS_RU":"Map unit boundary","FCLASS_ES":"Disputed (please verify)","FCLASS_CN":"Unrecognized","FCLASS_TW":null,"FCLASS_IN":"Map unit boundary","FCLASS_NP":"Disputed (please verify)","FCLASS_PK":null,"FCLASS_DE":null,"FCLASS_GB":null,"FCLASS_BR":"Unrecognized","FCLASS_IL":null,"FCLASS_PS":"Disputed (please verify)","FCLASS_SA":null,"FCLASS_EG":null,"FCLASS_MA":"Unrecognized","FCLASS_PT":null,"FCLASS_AR":"Unrecognized","FCLASS_JP":null,"FCLASS_KO":null,"FCLASS_VN":"Unrecognized","FCLASS_TR":null,"FCLASS_ID":"Unrecognized","FCLASS_PL":null,"FCLASS_GR":"Unrecognized","FCLASS_IT":null,"FCLASS_NL":null,"FCLASS_SE":null,"FCLASS_BD":null,"FCLASS_UA":"Unrecognized","NE_ID":1746706755,"BRK_A3":"B57","FCLASS_TLC":"International boundary (verify)"},"bbox":[20.344371,42.246181,21.752915,43.261081],"geometry":{"type":"LineString","coordinates":[[20.344371,42.827955],[20.468859,42.857901],[20.486843,42.879063],[20.458421,42.924564],[20.475061,42.953037],[20.623992,43.034169],[20.648538,43.070963],[20.657582,43.09985],[20.637635,43.130391],[20.609626,43.178398],[20.623165,43.19863],[20.700577,43.226354],[20.763415,43.2586],[20.800622,43.261081],[20.823773,43.23793],[20.823773,43.213952],[20.844444,43.173437],[20.890746,43.151656],[20.967692,43.116025],[21.057041,43.091685],[21.127011,43.043006],[21.222612,42.956216],[21.237081,42.913221],[21.323174,42.874696],[21.403066,42.83152],[21.390664,42.751422],[21.662482,42.681504],[21.723873,42.681969],[21.752915,42.669799],[21.752192,42.651505],[21.730643,42.595462],[21.619074,42.423251],[21.609875,42.387439],[21.529983,42.350025],[21.518925,42.328424],[21.541559,42.28083],[21.563315,42.246181]]}},{"type":"Feature","properties":{"SCALERANK":1,"FEATURECLA":"International boundary (verify)","NAME":null,"MIN_ZOOM":0,"FCLASS_ISO":null,"FCLASS_US":null,"FCLASS_FR":null,"FCLASS_RU":null,"FCLASS_ES":null,"FCLASS_CN":null,"FCLASS_TW":null,"FCLASS_IN":null,"FCLASS_NP":null,"FCLASS_PK":null,"FCLASS_DE":null,"FCLASS_GB":null,"FCLASS_BR":null,"FCLASS_IL":null,"FCLASS_PS":null,"FCLASS_SA":null,"FCLASS_EG":null,"FCLASS_MA":null,"FCLASS_PT":null,"FCLASS_AR":null,"FCLASS_JP":null,"FCLASS_KO":null,"FCLASS_VN":null,"FCLASS_TR":null,"FCLASS_ID":null,"FCLASS_PL":null,"FCLASS_GR":null,"FCLASS_IT":null,"FCLASS_NL":null,"FCLASS_SE":null,"FCLASS_BD":null,"FCLASS_UA":null,"NE_ID":1746706769,"BRK_A3":null,"FCLASS_TLC":null},"bbox":[20.029506,42.547274,20.344371,42.827955],"geometry":{"type":"LineString","coordinates":[[20.344371,42.827955],[20.215128,42.798835],[20.192597,42.754652],[20.130017,42.759768],[20.054259,42.760078],[20.029506,42.732017],[20.06568,42.685819],[20.089244,42.631558],[20.070331,42.557093],[20.063975,42.547274]]}},{"type":"Feature","properties":{"SCALERANK":1,"FEATURECLA":"International boundary (verify)","NAME":null,"MIN_ZOOM":0,"FCLASS_ISO":null,"FCLASS_US":null,"FCLASS_FR":null,"FCLASS_RU":null,"FCLASS_ES":null,"FCLASS_CN":null,"FCLASS_TW":null,"FCLASS_IN":null,"FCLASS_NP":null,"FCLASS_PK":null,"FCLASS_DE":null,"FCLASS_GB":null,"FCLASS_BR":null,"FCLASS_IL":null,"FCLASS_PS":null,"FCLASS_SA":null,"FCLASS_EG":null,"FCLASS_MA":null,"FCLASS_PT":null,"FCLASS_AR":null,"FCLASS_JP":null,"FCLASS_KO":null,"FCLASS_VN":null,"FCLASS_TR":null,"FCLASS_ID":null,"FCLASS_PL":null,"FCLASS_GR":null,"FCLASS_IT":null,"FCLASS_NL":null,"FCLASS_SE":null,"FCLASS_BD":null,"FCLASS_UA":null,"NE_ID":1746706773,"BRK_A3":null,"FCLASS_TLC":null},"bbox":[19.191625,42.827955,20.347627,43.533312],"geometry":{"type":"LineString","coordinates":[[19.194364,43.533312],[19.191625,43.521039],[19.196431,43.484995],[19.218755,43.449958],[19.298285,43.41394],[19.41466,43.342833],[19.551551,43.212246],[19.614441,43.173437],[19.671027,43.163955],[19.78115,43.109772],[19.858044,43.096543],[19.944034,43.08166],[20.167896,42.968489],[20.268458,42.935467],[20.339978,42.892886],[20.347627,42.852785],[20.344371,42.827955]]}},{"type":"Feature","properties":{"SCALERANK":1,"FEATURECLA":"International boundary (verify)","NAME":null,"MIN_ZOOM":0,"FCLASS_ISO":null,"FCLASS_US":null,"FCLASS_FR":null,"FCLASS_RU":null,"FCLASS_ES":null,"FCLASS_CN":null,"FCLASS_TW":null,"FCLASS_IN":null,"FCLASS_NP":null,"FCLASS_PK":null,"FCLASS_DE":null,"FCLASS_GB":null,"FCLASS_BR":null,"FCLASS_IL":null,"FCLASS_PS":null,"FCLASS_SA":null,"FCLASS_EG":null,"FCLASS_MA":null,"FCLASS_PT":null,"FCLASS_AR":null,"FCLASS_JP":null,"FCLASS_KO":null,"FCLASS_VN":null,"FCLASS_TR":null,"FCLASS_ID":null,"FCLASS_PL":null,"FCLASS_GR":null,"FCLASS_IT":null,"FCLASS_NL":null,"FCLASS_SE":null,"FCLASS_BD":null,"FCLASS_UA":null,"NE_ID":1746706893,"BRK_A3":null,"FCLASS_TLC":null},"bbox":[20.622183,65.505201,24.189976,69.036872],"geometry":{"type":"LineString","coordinates":[[20.622183,69.036872],[20.895087,68.979821],[20.907076,68.96747],[20.908936,68.937756],[20.918548,68.906931],[21.183441,68.828822],[21.259767,68.78743],[21.422393,68.724591],[21.465388,68.690691],[21.616025,68.650978],[21.724028,68.608526],[21.850222,68.574109],[21.997448,68.520624],[22.195162,68.477965],[22.362077,68.464038],[22.782413,68.39102],[22.85414,68.367352],[22.975425,68.316451],[23.097898,68.257591],[23.182544,68.136617],[23.318556,68.130312],[23.355505,68.088687],[23.474257,68.017347],[23.638899,67.95438],[23.632904,67.933192],[23.501853,67.875211],[23.487797,67.79656],[23.500199,67.696204],[23.541282,67.614323],[23.536993,67.590397],[23.50454,67.562155],[23.465472,67.517869],[23.451468,67.479189],[23.45493,67.460275],[23.468056,67.449966],[23.537148,67.449165],[23.660809,67.440018],[23.73357,67.422913],[23.774911,67.32863],[23.760907,67.310517],[23.656624,67.267832],[23.626083,67.233933],[23.623086,67.184142],[23.641534,67.129391],[23.677397,67.068129],[23.758943,67.002577],[23.869324,66.934028],[23.941826,66.87783],[23.976087,66.83822],[23.988541,66.810522],[23.93888,66.775718],[23.89418,66.706885],[23.885809,66.628052],[23.8655,66.576608],[23.7684,66.505863],[23.701117,66.480749],[23.681997,66.443387],[23.673832,66.380703],[23.693521,66.304299],[23.70029,66.252649],[23.720961,66.215442],[23.75145,66.191154],[23.907306,66.148262],[23.994639,66.060361],[24.049003,65.989822],[24.155508,65.805286],[24.130031,65.759191],[24.15866,65.718315],[24.189976,65.652479],[24.188322,65.607469],[24.116027,65.505201]]}},{"type":"Feature","properties":{"SCALERANK":1,"FEATURECLA":"International boundary (verify)","NAME":null,"MIN_ZOOM":0,"FCLASS_ISO":null,"FCLASS_US":null,"FCLASS_FR":null,"FCLASS_RU":null,"FCLASS_ES":null,"FCLASS_CN":null,"FCLASS_TW":null,"FCLASS_IN":null,"FCLASS_NP":null,"FCLASS_PK":null,"FCLASS_DE":null,"FCLASS_GB":null,"FCLASS_BR":null,"FCLASS_IL":null,"FCLASS_PS":null,"FCLASS_SA":null,"FCLASS_EG":null,"FCLASS_MA":null,"FCLASS_PT":null,"FCLASS_AR":null,"FCLASS_JP":null,"FCLASS_KO":null,"FCLASS_VN":null,"FCLASS_TR":null,"FCLASS_ID":null,"FCLASS_PL":null,"FCLASS_GR":null,"FCLASS_IT":null,"FCLASS_NL":null,"FCLASS_SE":null,"FCLASS_BD":null,"FCLASS_UA":null,"NE_ID":1746706901,"BRK_A3":null,"FCLASS_TLC":null},"bbox":[3.350111,51.207676,4.22613,51.386476],"geometry":{"type":"LineString","coordinates":[[4.22613,51.386476],[4.211454,51.348752],[4.172593,51.307101],[4.039991,51.247079],[3.902067,51.207676],[3.830754,51.212585],[3.781919,51.233204],[3.755668,51.254856],[3.681822,51.275682],[3.580278,51.286172],[3.517129,51.263641],[3.471964,51.242247],[3.432483,51.245761],[3.402821,51.263641],[3.380083,51.291133],[3.350111,51.377691]]}},{"type":"Feature","properties":{"SCALERANK":1,"FEATURECLA":"International boundary (verify)","NAME":null,"MIN_ZOOM":0,"FCLASS_ISO":null,"FCLASS_US":null,"FCLASS_FR":null,"FCLASS_RU":null,"FCLASS_ES":null,"FCLASS_CN":null,"FCLASS_TW":null,"FCLASS_IN":null,"FCLASS_NP":null,"FCLASS_PK":null,"FCLASS_DE":null,"FCLASS_GB":null,"FCLASS_BR":null,"FCLASS_IL":null,"FCLASS_PS":null,"FCLASS_SA":null,"FCLASS_EG":null,"FCLASS_MA":null,"FCLASS_PT":null,"FCLASS_AR":null,"FCLASS_JP":null,"FCLASS_KO":null,"FCLASS_VN":null,"FCLASS_TR":null,"FCLASS_ID":null,"FCLASS_PL":null,"FCLASS_GR":null,"FCLASS_IT":null,"FCLASS_NL":null,"FCLASS_SE":null,"FCLASS_BD":null,"FCLASS_UA":null,"NE_ID":1746706907,"BRK_A3":null,"FCLASS_TLC":null},"bbox":[4.22613,50.750443,5.993929,51.491095],"geometry":{"type":"LineString","coordinates":[[5.993929,50.750443],[5.797404,50.754525],[5.747071,50.759589],[5.693637,50.774679],[5.669091,50.805943],[5.63948,50.843615],[5.647542,50.866663],[5.736632,50.932137],[5.749965,50.950224],[5.740818,50.959913],[5.749758,50.988748],[5.818281,51.086417],[5.827118,51.125639],[5.796473,51.153054],[5.752393,51.169487],[5.608785,51.198451],[5.540417,51.239302],[5.508739,51.27501],[5.476855,51.285035],[5.429777,51.272995],[5.31087,51.259714],[5.214183,51.278963],[5.099875,51.346479],[5.073417,51.406811],[5.059464,51.453139],[5.030939,51.469107],[4.992595,51.445361],[4.943916,51.407767],[4.848056,51.403271],[4.820667,51.412056],[4.816068,51.43283],[4.81059,51.452725],[4.784184,51.477375],[4.755658,51.491095],[4.63396,51.421719],[4.588795,51.421926],[4.531693,51.448591],[4.503426,51.474688],[4.440897,51.459805],[4.384777,51.427611],[4.404,51.367097],[4.373718,51.355987],[4.304471,51.361516],[4.22613,51.386476]]}},{"type":"Feature","properties":{"SCALERANK":1,"FEATURECLA":"International boundary (verify)","NAME":null,"MIN_ZOOM":0,"FCLASS_ISO":null,"FCLASS_US":null,"FCLASS_FR":null,"FCLASS_RU":null,"FCLASS_ES":null,"FCLASS_CN":null,"FCLASS_TW":null,"FCLASS_IN":null,"FCLASS_NP":null,"FCLASS_PK":null,"FCLASS_DE":null,"FCLASS_GB":null,"FCLASS_BR":null,"FCLASS_IL":null,"FCLASS_PS":null,"FCLASS_SA":null,"FCLASS_EG":null,"FCLASS_MA":null,"FCLASS_PT":null,"FCLASS_AR":null,"FCLASS_JP":null,"FCLASS_KO":null,"FCLASS_VN":null,"FCLASS_TR":null,"FCLASS_ID":null,"FCLASS_PL":null,"FCLASS_GR":null,"FCLASS_IT":null,"FCLASS_NL":null,"FCLASS_SE":null,"FCLASS_BD":null,"FCLASS_UA":null,"NE_ID":1746706937,"BRK_A3":null,"FCLASS_TLC":null},"bbox":[6.344295,47.592703,8.14031,49.458144],"geometry":{"type":"LineString","coordinates":[[6.344295,49.452744],[6.382277,49.458144],[6.458138,49.442848],[6.53431,49.39466],[6.566349,49.346213],[6.574669,49.319677],[6.607587,49.290868],[6.735434,49.160617],[6.776259,49.154158],[6.8207,49.17395],[6.849536,49.201958],[6.891187,49.207539],[6.958315,49.19462],[7.001464,49.179867],[7.022135,49.123462],[7.036708,49.112713],[7.06575,49.124857],[7.117375,49.127544],[7.199902,49.113643],[7.313383,49.12956],[7.404231,49.153072],[7.450533,49.152194],[7.525515,49.086358],[7.610936,49.06176],[7.799194,49.041916],[8.001248,49.010962],[8.080623,48.985873],[8.134832,48.9736],[8.14031,48.886422],[8.12398,48.873296],[7.922752,48.698527],[7.837951,48.63605],[7.794801,48.54683],[7.765139,48.410017],[7.705711,48.280051],[7.616621,48.156802],[7.584168,48.064302],[7.608456,48.002574],[7.593263,47.905655],[7.538589,47.773622],[7.529391,47.673886],[7.565461,47.606552],[7.615587,47.592703]]}},{"type":"Feature","properties":{"SCALERANK":1,"FEATURECLA":"International boundary (verify)","NAME":null,"MIN_ZOOM":0,"FCLASS_ISO":null,"FCLASS_US":null,"FCLASS_FR":null,"FCLASS_RU":null,"FCLASS_ES":null,"FCLASS_CN":null,"FCLASS_TW":null,"FCLASS_IN":null,"FCLASS_NP":null,"FCLASS_PK":null,"FCLASS_DE":null,"FCLASS_GB":null,"FCLASS_BR":null,"FCLASS_IL":null,"FCLASS_PS":null,"FCLASS_SA":null,"FCLASS_EG":null,"FCLASS_MA":null,"FCLASS_PT":null,"FCLASS_AR":null,"FCLASS_JP":null,"FCLASS_KO":null,"FCLASS_VN":null,"FCLASS_TR":null,"FCLASS_ID":null,"FCLASS_PL":null,"FCLASS_GR":null,"FCLASS_IT":null,"FCLASS_NL":null,"FCLASS_SE":null,"FCLASS_BD":null,"FCLASS_UA":null,"NE_ID":1746706929,"BRK_A3":null,"FCLASS_TLC":null},"bbox":[7.615587,47.524205,9.523998,47.775637],"geometry":{"type":"LineString","coordinates":[[9.523998,47.524205],[9.349952,47.59893],[9.18283,47.670682],[9.127536,47.670682],[8.881143,47.656394],[8.874012,47.662672],[8.83112,47.7036],[8.793086,47.716571],[8.770142,47.709905],[8.754794,47.698071],[8.728284,47.70006],[8.617903,47.766103],[8.572635,47.775637],[8.509848,47.766878],[8.435796,47.73135],[8.403446,47.687787],[8.413265,47.662698],[8.451712,47.65182],[8.552326,47.659133],[8.567054,47.651924],[8.570464,47.63779],[8.559509,47.624018],[8.477653,47.612701],[8.454037,47.596191],[8.430059,47.592134],[8.414763,47.589602],[8.327792,47.606914],[8.198291,47.606914],[8.093801,47.576166],[7.927093,47.563841],[7.698063,47.569887],[7.615587,47.592703]]}},{"type":"Feature","properties":{"SCALERANK":1,"FEATURECLA":"International boundary (verify)","NAME":null,"MIN_ZOOM":0,"FCLASS_ISO":null,"FCLASS_US":null,"FCLASS_FR":null,"FCLASS_RU":null,"FCLASS_ES":null,"FCLASS_CN":null,"FCLASS_TW":null,"FCLASS_IN":null,"FCLASS_NP":null,"FCLASS_PK":null,"FCLASS_DE":null,"FCLASS_GB":null,"FCLASS_BR":null,"FCLASS_IL":null,"FCLASS_PS":null,"FCLASS_SA":null,"FCLASS_EG":null,"FCLASS_MA":null,"FCLASS_PT":null,"FCLASS_AR":null,"FCLASS_JP":null,"FCLASS_KO":null,"FCLASS_VN":null,"FCLASS_TR":null,"FCLASS_ID":null,"FCLASS_PL":null,"FCLASS_GR":null,"FCLASS_IT":null,"FCLASS_NL":null,"FCLASS_SE":null,"FCLASS_BD":null,"FCLASS_UA":null,"NE_ID":1746706947,"BRK_A3":null,"FCLASS_TLC":null},"bbox":[9.523998,47.270758,9.625904,47.524205],"geometry":{"type":"LineString","coordinates":[[9.527512,47.270758],[9.609057,47.391785],[9.625904,47.467025],[9.554384,47.511157],[9.523998,47.524205]]}},{"type":"Feature","properties":{"SCALERANK":1,"FEATURECLA":"International boundary (verify)","NAME":null,"MIN_ZOOM":0,"FCLASS_ISO":null,"FCLASS_US":null,"FCLASS_FR":null,"FCLASS_RU":null,"FCLASS_ES":null,"FCLASS_CN":null,"FCLASS_TW":null,"FCLASS_IN":null,"FCLASS_NP":null,"FCLASS_PK":null,"FCLASS_DE":null,"FCLASS_GB":null,"FCLASS_BR":null,"FCLASS_IL":null,"FCLASS_PS":null,"FCLASS_SA":null,"FCLASS_EG":null,"FCLASS_MA":null,"FCLASS_PT":null,"FCLASS_AR":null,"FCLASS_JP":null,"FCLASS_KO":null,"FCLASS_VN":null,"FCLASS_TR":null,"FCLASS_ID":null,"FCLASS_PL":null,"FCLASS_GR":null,"FCLASS_IT":null,"FCLASS_NL":null,"FCLASS_SE":null,"FCLASS_BD":null,"FCLASS_UA":null,"NE_ID":1746706957,"BRK_A3":null,"FCLASS_TLC":null},"bbox":[9.479453,47.057386,9.580222,47.270758],"geometry":{"type":"LineString","coordinates":[[9.580222,47.057386],[9.502294,47.062735],[9.487721,47.062244],[9.479453,47.097513],[9.48431,47.172677],[9.527512,47.270758]]}},{"type":"Feature","properties":{"SCALERANK":1,"FEATURECLA":"International boundary (verify)","NAME":null,"MIN_ZOOM":0,"FCLASS_ISO":null,"FCLASS_US":null,"FCLASS_FR":null,"FCLASS_RU":null,"FCLASS_ES":null,"FCLASS_CN":null,"FCLASS_TW":null,"FCLASS_IN":null,"FCLASS_NP":null,"FCLASS_PK":null,"FCLASS_DE":null,"FCLASS_GB":null,"FCLASS_BR":null,"FCLASS_IL":null,"FCLASS_PS":null,"FCLASS_SA":null,"FCLASS_EG":null,"FCLASS_MA":null,"FCLASS_PT":null,"FCLASS_AR":null,"FCLASS_JP":null,"FCLASS_KO":null,"FCLASS_VN":null,"FCLASS_TR":null,"FCLASS_ID":null,"FCLASS_PL":null,"FCLASS_GR":null,"FCLASS_IT":null,"FCLASS_NL":null,"FCLASS_SE":null,"FCLASS_BD":null,"FCLASS_UA":null,"NE_ID":1746706965,"BRK_A3":null,"FCLASS_TLC":null},"bbox":[5.970003,45.925776,7.615587,47.592703],"geometry":{"type":"LineString","coordinates":[[7.021102,45.925776],[7.003893,45.958849],[6.953715,46.01714],[6.897285,46.051737],[6.858062,46.089383],[6.805714,46.130673],[6.772021,46.165141],[6.816773,46.275212],[6.784165,46.313943],[6.767422,46.369185],[6.776052,46.406651],[6.758068,46.415772],[6.578234,46.437373],[6.42889,46.4305],[6.321919,46.393706],[6.23469,46.332624],[6.224199,46.319447],[6.229574,46.30844],[6.272982,46.252268],[6.199395,46.193046],[6.086585,46.147003],[6.006693,46.142352],[5.971501,46.15124],[5.970003,46.214699],[6.036149,46.238108],[6.095887,46.279398],[6.115937,46.337637],[6.123224,46.378591],[6.06023,46.428174],[6.067981,46.458534],[6.106997,46.516076],[6.129735,46.566977],[6.160792,46.611057],[6.285126,46.683042],[6.410131,46.755441],[6.428993,46.832284],[6.438605,46.92587],[6.456226,46.948323],[6.624847,47.004366],[6.666911,47.026536],[6.688047,47.058265],[6.820649,47.163168],[6.952062,47.267193],[6.978468,47.302048],[7.000638,47.322512],[7.000534,47.339436],[6.98405,47.352562],[6.921469,47.361218],[6.900385,47.394213],[6.968392,47.453228],[7.053451,47.48935],[7.13603,47.489866],[7.169206,47.473227],[7.167449,47.453693],[7.203106,47.432712],[7.265738,47.425788],[7.343149,47.433126],[7.420044,47.455192],[7.467431,47.507643],[7.494871,47.547382],[7.615587,47.592703]]}},{"type":"Feature","properties":{"SCALERANK":1,"FEATURECLA":"International boundary (verify)","NAME":null,"MIN_ZOOM":0,"FCLASS_ISO":null,"FCLASS_US":null,"FCLASS_FR":null,"FCLASS_RU":null,"FCLASS_ES":null,"FCLASS_CN":null,"FCLASS_TW":null,"FCLASS_IN":null,"FCLASS_NP":null,"FCLASS_PK":null,"FCLASS_DE":null,"FCLASS_GB":null,"FCLASS_BR":null,"FCLASS_IL":null,"FCLASS_PS":null,"FCLASS_SA":null,"FCLASS_EG":null,"FCLASS_MA":null,"FCLASS_PT":null,"FCLASS_AR":null,"FCLASS_JP":null,"FCLASS_KO":null,"FCLASS_VN":null,"FCLASS_TR":null,"FCLASS_ID":null,"FCLASS_PL":null,"FCLASS_GR":null,"FCLASS_IT":null,"FCLASS_NL":null,"FCLASS_SE":null,"FCLASS_BD":null,"FCLASS_UA":null,"NE_ID":1746706973,"BRK_A3":null,"FCLASS_TLC":null},"bbox":[-8.777133,37.179436,-6.212509,42.137377],"geometry":{"type":"LineString","coordinates":[[-7.406132,37.179436],[-7.467161,37.428052],[-7.496049,37.523576],[-7.50349,37.58551],[-7.443959,37.728266],[-7.378898,37.786376],[-7.292237,37.906472],[-7.185422,38.006363],[-7.072509,38.03003],[-7.022847,38.044707],[-6.981093,38.121963],[-6.957554,38.187902],[-6.974788,38.194413],[-7.106408,38.181003],[-7.343009,38.45742],[-7.3358,38.501475],[-7.305983,38.566845],[-7.286371,38.649372],[-7.28154,38.714536],[-7.219941,38.770502],[-7.125503,38.826959],[-7.04605,38.907057],[-7.006259,38.985269],[-6.997965,39.056454],[-7.042975,39.107096],[-7.172399,39.135208],[-7.305776,39.338116],[-7.335438,39.465137],[-7.362672,39.47834],[-7.445121,39.536166],[-7.524212,39.644712],[-7.535684,39.661559],[-7.454087,39.680679],[-7.117674,39.681687],[-7.04742,39.705561],[-7.036748,39.713959],[-6.975408,39.798398],[-6.911175,39.937097],[-6.896111,40.021821],[-6.916394,40.056832],[-7.027808,40.14264],[-7.032614,40.16791],[-7.014683,40.208347],[-6.948433,40.2516],[-6.858878,40.300745],[-6.810147,40.343119],[-6.821774,40.376244],[-6.847923,40.41097],[-6.852057,40.443268],[-6.835675,40.483137],[-6.829836,40.619071],[-6.818364,40.654056],[-6.835882,40.777511],[-6.857741,40.878332],[-6.92846,41.009151],[-6.915541,41.038038],[-6.882804,41.062403],[-6.775782,41.107724],[-6.690155,41.214487],[-6.565924,41.303732],[-6.403144,41.375408],[-6.289352,41.455041],[-6.244316,41.515916],[-6.212509,41.532039],[-6.221708,41.560461],[-6.243128,41.601802],[-6.308059,41.642213],[-6.391723,41.665364],[-6.484689,41.664382],[-6.542179,41.672495],[-6.559,41.70407],[-6.552592,41.789543],[-6.557501,41.874137],[-6.57533,41.913101],[-6.618273,41.942401],[-6.70359,41.934572],[-6.777281,41.958473],[-6.833221,41.964157],[-6.865544,41.945244],[-7.030444,41.950644],[-7.099122,41.964209],[-7.147129,41.981133],[-7.177928,41.971702],[-7.195343,41.955217],[-7.198315,41.929379],[-7.209606,41.895273],[-7.268543,41.864422],[-7.403599,41.833674],[-7.512585,41.836],[-7.612579,41.857962],[-7.644696,41.873982],[-7.693039,41.888451],[-7.896386,41.870571],[-7.920855,41.883645],[-7.990954,41.851916],[-8.09441,41.814218],[-8.152494,41.81197],[-8.173527,41.81998],[-8.181226,41.836982],[-8.224738,41.895841],[-8.213317,41.927079],[-8.129963,42.018185],[-8.139317,42.039967],[-8.173578,42.069396],[-8.204171,42.111848],[-8.213059,42.133708],[-8.266079,42.137377],[-8.322561,42.115104],[-8.538104,42.069319],[-8.589677,42.052731],[-8.682953,42.008521],[-8.777133,41.941084]]}},{"type":"Feature","properties":{"SCALERANK":1,"FEATURECLA":"International boundary (verify)","NAME":null,"MIN_ZOOM":0,"FCLASS_ISO":null,"FCLASS_US":null,"FCLASS_FR":null,"FCLASS_RU":null,"FCLASS_ES":null,"FCLASS_CN":null,"FCLASS_TW":null,"FCLASS_IN":null,"FCLASS_NP":null,"FCLASS_PK":null,"FCLASS_DE":null,"FCLASS_GB":null,"FCLASS_BR":null,"FCLASS_IL":null,"FCLASS_PS":null,"FCLASS_SA":null,"FCLASS_EG":null,"FCLASS_MA":null,"FCLASS_PT":null,"FCLASS_AR":null,"FCLASS_JP":null,"FCLASS_KO":null,"FCLASS_VN":null,"FCLASS_TR":null,"FCLASS_ID":null,"FCLASS_PL":null,"FCLASS_GR":null,"FCLASS_IT":null,"FCLASS_NL":null,"FCLASS_SE":null,"FCLASS_BD":null,"FCLASS_UA":null,"NE_ID":1746706981,"BRK_A3":null,"FCLASS_TLC":null},"bbox":[9.523998,47.27882,13.814744,48.766946],"geometry":{"type":"LineString","coordinates":[[13.814744,48.766946],[13.80291,48.747516],[13.797484,48.686434],[13.798879,48.621684],[13.78534,48.587474],[13.723948,48.54236],[13.692167,48.532774],[13.675166,48.523033],[13.48665,48.581841],[13.471716,48.571816],[13.45983,48.56453],[13.409342,48.394152],[13.374564,48.361364],[13.322836,48.331262],[13.215245,48.30191],[13.14047,48.289921],[13.082127,48.27509],[12.897435,48.203699],[12.814236,48.160859],[12.760389,48.106986],[12.760028,48.075981],[12.849893,47.984823],[12.953556,47.890617],[12.954176,47.80778],[12.908287,47.74582],[12.897642,47.721894],[12.928131,47.712824],[12.985492,47.709414],[13.033551,47.698743],[13.054067,47.655128],[13.047917,47.579163],[13.031536,47.508005],[13.014327,47.478084],[12.968025,47.475681],[12.878935,47.506455],[12.809379,47.542163],[12.782817,47.564177],[12.781163,47.590455],[12.79615,47.607017],[12.771397,47.639392],[12.685872,47.669313],[12.594198,47.65629],[12.526605,47.636137],[12.482887,47.637299],[12.435758,47.666109],[12.363204,47.688201],[12.268326,47.702748],[12.209312,47.718276],[12.19691,47.709078],[12.203834,47.64673],[12.185644,47.619523],[11.716836,47.583478],[11.573899,47.549734],[11.469926,47.506093],[11.392928,47.487179],[11.374117,47.460256],[11.297946,47.424909],[11.211957,47.413644],[11.191183,47.425193],[11.136044,47.408864],[11.041941,47.393102],[10.98086,47.398167],[10.952128,47.426718],[10.89394,47.470436],[10.870582,47.50077],[10.873063,47.520201],[10.741598,47.524102],[10.658709,47.547227],[10.482854,47.541801],[10.439446,47.551568],[10.430351,47.541052],[10.403944,47.416977],[10.369114,47.36605],[10.312787,47.313443],[10.240595,47.284143],[10.183027,47.27882],[10.185766,47.317164],[10.200287,47.363414],[10.158791,47.374266],[10.096469,47.379589],[10.066342,47.393335],[10.074248,47.428527],[10.059831,47.449094],[10.034096,47.473588],[9.971619,47.505318],[9.839172,47.552292],[9.748894,47.575546],[9.715097,47.550767],[9.650605,47.525885],[9.548906,47.53405],[9.523998,47.524205]]}},{"type":"Feature","properties":{"SCALERANK":1,"FEATURECLA":"International boundary (verify)","NAME":null,"MIN_ZOOM":0,"FCLASS_ISO":null,"FCLASS_US":null,"FCLASS_FR":null,"FCLASS_RU":null,"FCLASS_ES":null,"FCLASS_CN":null,"FCLASS_TW":null,"FCLASS_IN":null,"FCLASS_NP":null,"FCLASS_PK":null,"FCLASS_DE":null,"FCLASS_GB":null,"FCLASS_BR":null,"FCLASS_IL":null,"FCLASS_PS":null,"FCLASS_SA":null,"FCLASS_EG":null,"FCLASS_MA":null,"FCLASS_PT":null,"FCLASS_AR":null,"FCLASS_JP":null,"FCLASS_KO":null,"FCLASS_VN":null,"FCLASS_TR":null,"FCLASS_ID":null,"FCLASS_PL":null,"FCLASS_GR":null,"FCLASS_IT":null,"FCLASS_NL":null,"FCLASS_SE":null,"FCLASS_BD":null,"FCLASS_UA":null,"NE_ID":1746706989,"BRK_A3":null,"FCLASS_TLC":null},"bbox":[13.69997,46.3997,16.093054,46.86329],"geometry":{"type":"LineString","coordinates":[[16.093054,46.86329],[16.037192,46.844841],[15.976834,46.801381],[15.980451,46.705857],[15.972286,46.697202],[15.957662,46.677616],[15.766924,46.711258],[15.760258,46.710767],[15.632669,46.698442],[15.545336,46.65462],[15.439296,46.629661],[15.217035,46.642993],[15.000666,46.625992],[14.949455,46.613227],[14.893283,46.605915],[14.840573,46.58049],[14.8106,46.544601],[14.756753,46.499126],[14.680169,46.463443],[14.59697,46.436081],[14.577126,46.41293],[14.549841,46.3997],[14.503539,46.417064],[14.465918,46.416108],[14.419926,46.427916],[14.267274,46.440732],[14.099533,46.461919],[14.019641,46.482176],[13.928794,46.498196],[13.831383,46.511218],[13.743999,46.514319],[13.69997,46.520262]]}},{"type":"Feature","properties":{"SCALERANK":1,"FEATURECLA":"International boundary (verify)","NAME":null,"MIN_ZOOM":0,"FCLASS_ISO":null,"FCLASS_US":null,"FCLASS_FR":null,"FCLASS_RU":null,"FCLASS_ES":null,"FCLASS_CN":null,"FCLASS_TW":null,"FCLASS_IN":null,"FCLASS_NP":null,"FCLASS_PK":null,"FCLASS_DE":null,"FCLASS_GB":null,"FCLASS_BR":null,"FCLASS_IL":null,"FCLASS_PS":null,"FCLASS_SA":null,"FCLASS_EG":null,"FCLASS_MA":null,"FCLASS_PT":null,"FCLASS_AR":null,"FCLASS_JP":null,"FCLASS_KO":null,"FCLASS_VN":null,"FCLASS_TR":null,"FCLASS_ID":null,"FCLASS_PL":null,"FCLASS_GR":null,"FCLASS_IT":null,"FCLASS_NL":null,"FCLASS_SE":null,"FCLASS_BD":null,"FCLASS_UA":null,"NE_ID":1746707003,"BRK_A3":null,"FCLASS_TLC":null},"bbox":[18.436374,42.559728,19.194364,43.542355],"geometry":{"type":"LineString","coordinates":[[18.436374,42.559728],[18.453944,42.564482],[18.48004,42.579184],[18.534921,42.620138],[18.545928,42.641584],[18.543292,42.674191],[18.466036,42.777234],[18.455029,42.844104],[18.443867,42.968437],[18.460145,42.997893],[18.488464,43.012155],[18.623597,43.027684],[18.62184,43.124603],[18.630005,43.153645],[18.656877,43.193927],[18.67424,43.230824],[18.749223,43.283534],[18.851077,43.346347],[18.895622,43.348207],[18.93469,43.339448],[18.978666,43.28542],[19.026674,43.292448],[19.036699,43.357302],[18.97386,43.442387],[18.940219,43.496725],[18.950709,43.526672],[18.97417,43.542355],[19.028327,43.532511],[19.080055,43.517706],[19.112767,43.527757],[19.16434,43.535431],[19.194364,43.533312]]}},{"type":"Feature","properties":{"SCALERANK":1,"FEATURECLA":"International boundary (verify)","NAME":null,"MIN_ZOOM":0,"FCLASS_ISO":null,"FCLASS_US":null,"FCLASS_FR":null,"FCLASS_RU":null,"FCLASS_ES":null,"FCLASS_CN":null,"FCLASS_TW":null,"FCLASS_IN":null,"FCLASS_NP":null,"FCLASS_PK":null,"FCLASS_DE":null,"FCLASS_GB":null,"FCLASS_BR":null,"FCLASS_IL":null,"FCLASS_PS":null,"FCLASS_SA":null,"FCLASS_EG":null,"FCLASS_MA":null,"FCLASS_PT":null,"FCLASS_AR":null,"FCLASS_JP":null,"FCLASS_KO":null,"FCLASS_VN":null,"FCLASS_TR":null,"FCLASS_ID":null,"FCLASS_PL":null,"FCLASS_GR":null,"FCLASS_IT":null,"FCLASS_NL":null,"FCLASS_SE":null,"FCLASS_BD":null,"FCLASS_UA":null,"NE_ID":1746707011,"BRK_A3":null,"FCLASS_TLC":null},"bbox":[15.736642,42.938361,19.583746,45.276565],"geometry":{"type":"LineString","coordinates":[[19.194364,43.533312],[19.254463,43.584368],[19.300765,43.59181],[19.360297,43.593463],[19.399622,43.567574],[19.451247,43.562044],[19.479979,43.595169],[19.495069,43.642866],[19.488144,43.70356],[19.364017,43.844766],[19.257254,43.943313],[19.245058,43.965017],[19.268106,43.983465],[19.305313,43.993362],[19.345207,43.985093],[19.449387,43.978014],[19.549536,43.987135],[19.583694,44.011087],[19.583746,44.043462],[19.547159,44.073486],[19.430215,44.154514],[19.338903,44.225828],[19.231519,44.280553],[19.151834,44.302516],[19.128373,44.330266],[19.118451,44.35998],[19.127339,44.414576],[19.132404,44.483797],[19.151317,44.527334],[19.223147,44.609551],[19.291877,44.696755],[19.33451,44.780678],[19.356886,44.858554],[19.348618,44.88093],[19.312703,44.897441],[19.23679,44.914261],[19.131525,44.899585],[19.042073,44.871318],[19.00714,44.8692],[18.941304,44.865169],[18.836401,44.883256],[18.788342,44.914881],[18.780177,44.947205],[18.779402,44.977229],[18.746071,45.026503],[18.662561,45.077456],[18.488309,45.085853],[18.42392,45.102002],[18.357567,45.120554],[18.284962,45.1343],[18.217937,45.13293],[18.137219,45.119365],[17.996297,45.141819],[17.9486,45.111872],[17.874393,45.077249],[17.812794,45.078102],[17.690114,45.158381],[17.653476,45.163497],[17.546247,45.122569],[17.502632,45.120347],[17.469146,45.133318],[17.324142,45.163962],[17.25872,45.170576],[17.21066,45.156055],[17.125394,45.171765],[16.918689,45.276565],[16.790789,45.196854],[16.530702,45.216724],[16.453497,45.161998],[16.365027,45.058335],[16.293404,45.008829],[16.23103,45.026606],[16.157288,45.072236],[16.028355,45.189593],[15.963191,45.210807],[15.888261,45.215742],[15.82289,45.202771],[15.788112,45.178948],[15.761498,45.007512],[15.737985,44.85641],[15.736642,44.765795],[15.880044,44.68195],[16.049078,44.537592],[16.103441,44.521004],[16.130313,44.47372],[16.169845,44.352022],[16.214235,44.215131],[16.300122,44.12449],[16.377533,44.059637],[16.472049,44.002586],[16.590492,43.913186],[16.687695,43.815052],[16.71343,43.778827],[16.901894,43.649016],[17.084622,43.516569],[17.248074,43.470215],[17.273809,43.445772],[17.275256,43.343866],[17.293033,43.305626],[17.402225,43.198914],[17.624795,43.042748],[17.65053,43.006574],[17.657765,42.980064],[17.643451,42.959755],[17.585108,42.938361]]}},{"type":"Feature","properties":{"SCALERANK":1,"FEATURECLA":"International boundary (verify)","NAME":null,"MIN_ZOOM":0,"FCLASS_ISO":null,"FCLASS_US":null,"FCLASS_FR":null,"FCLASS_RU":null,"FCLASS_ES":null,"FCLASS_CN":null,"FCLASS_TW":null,"FCLASS_IN":null,"FCLASS_NP":null,"FCLASS_PK":null,"FCLASS_DE":null,"FCLASS_GB":null,"FCLASS_BR":null,"FCLASS_IL":null,"FCLASS_PS":null,"FCLASS_SA":null,"FCLASS_EG":null,"FCLASS_MA":null,"FCLASS_PT":null,"FCLASS_AR":null,"FCLASS_JP":null,"FCLASS_KO":null,"FCLASS_VN":null,"FCLASS_TR":null,"FCLASS_ID":null,"FCLASS_PL":null,"FCLASS_GR":null,"FCLASS_IT":null,"FCLASS_NL":null,"FCLASS_SE":null,"FCLASS_BD":null,"FCLASS_UA":null,"NE_ID":1746707029,"BRK_A3":null,"FCLASS_TLC":null},"bbox":[18.839088,44.8692,19.401018,45.931719],"geometry":{"type":"LineString","coordinates":[[19.00714,44.8692],[18.995461,44.904029],[19.009517,44.919377],[19.037577,44.917517],[19.060522,44.911006],[19.085275,44.926767],[19.100054,44.973793],[19.062847,45.137194],[19.129716,45.151715],[19.13075,45.175486],[19.136951,45.196234],[19.205991,45.167786],[19.303039,45.167269],[19.388099,45.173005],[19.401018,45.189077],[19.399984,45.212486],[19.382311,45.230624],[19.352235,45.24543],[19.330273,45.26809],[19.272808,45.27796],[19.093078,45.336923],[19.004659,45.399503],[19.007657,45.465804],[19.033288,45.502184],[19.064294,45.515],[19.055096,45.527247],[18.953706,45.557995],[18.917843,45.600834],[18.947299,45.655818],[18.894485,45.767103],[18.839088,45.835756],[18.893555,45.865521],[18.9011,45.907637],[18.905389,45.931719]]}},{"type":"Feature","properties":{"SCALERANK":1,"FEATURECLA":"International boundary (verify)","NAME":null,"MIN_ZOOM":0,"FCLASS_ISO":null,"FCLASS_US":null,"FCLASS_FR":null,"FCLASS_RU":null,"FCLASS_ES":null,"FCLASS_CN":null,"FCLASS_TW":null,"FCLASS_IN":null,"FCLASS_NP":null,"FCLASS_PK":null,"FCLASS_DE":null,"FCLASS_GB":null,"FCLASS_BR":null,"FCLASS_IL":null,"FCLASS_PS":null,"FCLASS_SA":null,"FCLASS_EG":null,"FCLASS_MA":null,"FCLASS_PT":null,"FCLASS_AR":null,"FCLASS_JP":null,"FCLASS_KO":null,"FCLASS_VN":null,"FCLASS_TR":null,"FCLASS_ID":null,"FCLASS_PL":null,"FCLASS_GR":null,"FCLASS_IT":null,"FCLASS_NL":null,"FCLASS_SE":null,"FCLASS_BD":null,"FCLASS_UA":null,"NE_ID":1746707047,"BRK_A3":null,"FCLASS_TLC":null},"bbox":[16.953105,48.598843,18.832215,49.510777],"geometry":{"type":"LineString","coordinates":[[16.953105,48.598843],[16.985248,48.6769],[17.063331,48.780744],[17.135626,48.84105],[17.18844,48.860946],[17.296857,48.842833],[17.482582,48.827769],[17.625415,48.841825],[17.758534,48.888127],[17.830881,48.92859],[17.892686,48.97112],[17.913305,48.998741],[17.940745,49.011944],[18.050868,49.036542],[18.085956,49.065119],[18.100425,49.119328],[18.109985,49.179789],[18.13262,49.224567],[18.160938,49.257355],[18.364802,49.33624],[18.383095,49.363938],[18.415858,49.390913],[18.476113,49.421118],[18.534559,49.464681],[18.596519,49.49145],[18.676204,49.488452],[18.74974,49.494008],[18.807049,49.509226],[18.832215,49.510777]]}},{"type":"Feature","properties":{"SCALERANK":1,"FEATURECLA":"International boundary (verify)","NAME":null,"MIN_ZOOM":0,"FCLASS_ISO":null,"FCLASS_US":null,"FCLASS_FR":null,"FCLASS_RU":null,"FCLASS_ES":null,"FCLASS_CN":null,"FCLASS_TW":null,"FCLASS_IN":null,"FCLASS_NP":null,"FCLASS_PK":null,"FCLASS_DE":null,"FCLASS_GB":null,"FCLASS_BR":null,"FCLASS_IL":null,"FCLASS_PS":null,"FCLASS_SA":null,"FCLASS_EG":null,"FCLASS_MA":null,"FCLASS_PT":null,"FCLASS_AR":null,"FCLASS_JP":null,"FCLASS_KO":null,"FCLASS_VN":null,"FCLASS_TR":null,"FCLASS_ID":null,"FCLASS_PL":null,"FCLASS_GR":null,"FCLASS_IT":null,"FCLASS_NL":null,"FCLASS_SE":null,"FCLASS_BD":null,"FCLASS_UA":null,"NE_ID":1746707039,"BRK_A3":null,"FCLASS_TLC":null},"bbox":[16.862671,48.005959,17.147357,48.598843],"geometry":{"type":"LineString","coordinates":[[17.147357,48.005959],[17.085965,48.039574],[17.067878,48.083267],[16.972639,48.198092],[16.865462,48.386918],[16.862671,48.44141],[16.904478,48.503525],[16.94339,48.550939],[16.948868,48.588559],[16.953105,48.598843]]}},{"type":"Feature","properties":{"SCALERANK":1,"FEATURECLA":"International boundary (verify)","NAME":null,"MIN_ZOOM":0,"FCLASS_ISO":null,"FCLASS_US":null,"FCLASS_FR":null,"FCLASS_RU":null,"FCLASS_ES":null,"FCLASS_CN":null,"FCLASS_TW":null,"FCLASS_IN":null,"FCLASS_NP":null,"FCLASS_PK":null,"FCLASS_DE":null,"FCLASS_GB":null,"FCLASS_BR":null,"FCLASS_IL":null,"FCLASS_PS":null,"FCLASS_SA":null,"FCLASS_EG":null,"FCLASS_MA":null,"FCLASS_PT":null,"FCLASS_AR":null,"FCLASS_JP":null,"FCLASS_KO":null,"FCLASS_VN":null,"FCLASS_TR":null,"FCLASS_ID":null,"FCLASS_PL":null,"FCLASS_GR":null,"FCLASS_IT":null,"FCLASS_NL":null,"FCLASS_SE":null,"FCLASS_BD":null,"FCLASS_UA":null,"NE_ID":1746707057,"BRK_A3":null,"FCLASS_TLC":null},"bbox":[17.147357,47.763416,22.131859,48.553471],"geometry":{"type":"LineString","coordinates":[[17.147357,48.005959],[17.17459,48.012057],[17.277271,48.004331],[17.301508,47.99335],[17.317321,47.990895],[17.480618,47.88762],[17.635286,47.809899],[17.761893,47.770159],[17.94798,47.766904],[18.14559,47.763416],[18.476268,47.776981],[18.724211,47.787161],[18.740593,47.806514],[18.778007,47.852893],[18.748344,47.892684],[18.750101,47.939451],[18.791856,48.000275],[18.914122,48.050814],[19.265109,48.073035],[19.466957,48.110707],[19.497498,48.162125],[19.564212,48.21282],[19.625397,48.223103],[19.709216,48.199797],[19.810088,48.15502],[19.89861,48.131326],[19.95039,48.146622],[20.128622,48.222018],[20.333777,48.295554],[20.474957,48.495102],[20.489995,48.526909],[20.643112,48.549698],[20.866613,48.545668],[20.98118,48.519674],[21.067324,48.505928],[21.19636,48.510605],[21.382395,48.553471],[21.451332,48.552231],[21.504662,48.521896],[21.56316,48.495722],[21.60264,48.463657],[21.632509,48.418492],[21.648581,48.40149],[21.674626,48.378365],[21.721496,48.346558],[21.766971,48.338109],[22.111343,48.393377],[22.131859,48.405314]]}},{"type":"Feature","properties":{"SCALERANK":1,"FEATURECLA":"International boundary (verify)","NAME":null,"MIN_ZOOM":0,"FCLASS_ISO":null,"FCLASS_US":null,"FCLASS_FR":null,"FCLASS_RU":null,"FCLASS_ES":null,"FCLASS_CN":null,"FCLASS_TW":null,"FCLASS_IN":null,"FCLASS_NP":null,"FCLASS_PK":null,"FCLASS_DE":null,"FCLASS_GB":null,"FCLASS_BR":null,"FCLASS_IL":null,"FCLASS_PS":null,"FCLASS_SA":null,"FCLASS_EG":null,"FCLASS_MA":null,"FCLASS_PT":null,"FCLASS_AR":null,"FCLASS_JP":null,"FCLASS_KO":null,"FCLASS_VN":null,"FCLASS_TR":null,"FCLASS_ID":null,"FCLASS_PL":null,"FCLASS_GR":null,"FCLASS_IT":null,"FCLASS_NL":null,"FCLASS_SE":null,"FCLASS_BD":null,"FCLASS_UA":null,"NE_ID":1746707065,"BRK_A3":null,"FCLASS_TLC":null},"bbox":[14.128626,50.858963,15.016634,53.950351],"geometry":{"type":"LineString","coordinates":[[14.809412,50.858963],[14.814218,50.87165],[14.917467,51.008721],[14.963821,51.095124],[15.016634,51.252738],[14.953072,51.377123],[14.935554,51.435362],[14.905995,51.463319],[14.724714,51.523884],[14.710916,51.544916],[14.738667,51.627133],[14.724869,51.661705],[14.681306,51.698188],[14.623945,51.770794],[14.601621,51.832392],[14.674898,51.904817],[14.692985,51.958017],[14.724766,52.030881],[14.748123,52.070801],[14.752568,52.081834],[14.704612,52.110205],[14.692365,52.150047],[14.705387,52.20746],[14.679859,52.249989],[14.615677,52.277636],[14.573922,52.314171],[14.554595,52.359647],[14.569685,52.431089],[14.619397,52.528499],[14.514029,52.645624],[14.253683,52.782515],[14.128626,52.87822],[14.138858,52.932868],[14.193687,52.982348],[14.293216,53.026738],[14.36856,53.105544],[14.410935,53.199027],[14.41233,53.216752],[14.414552,53.283518],[14.298693,53.556421],[14.279883,53.624737],[14.266086,53.70711],[14.198234,53.919061],[14.211412,53.950351]]}},{"type":"Feature","properties":{"SCALERANK":1,"FEATURECLA":"International boundary (verify)","NAME":null,"MIN_ZOOM":0,"FCLASS_ISO":null,"FCLASS_US":null,"FCLASS_FR":null,"FCLASS_RU":null,"FCLASS_ES":null,"FCLASS_CN":null,"FCLASS_TW":null,"FCLASS_IN":null,"FCLASS_NP":null,"FCLASS_PK":null,"FCLASS_DE":null,"FCLASS_GB":null,"FCLASS_BR":null,"FCLASS_IL":null,"FCLASS_PS":null,"FCLASS_SA":null,"FCLASS_EG":null,"FCLASS_MA":null,"FCLASS_PT":null,"FCLASS_AR":null,"FCLASS_JP":null,"FCLASS_KO":null,"FCLASS_VN":null,"FCLASS_TR":null,"FCLASS_ID":null,"FCLASS_PL":null,"FCLASS_GR":null,"FCLASS_IT":null,"FCLASS_NL":null,"FCLASS_SE":null,"FCLASS_BD":null,"FCLASS_UA":null,"NE_ID":1746707075,"BRK_A3":null,"FCLASS_TLC":null},"bbox":[22.131859,47.947255,22.87662,48.413428],"geometry":{"type":"LineString","coordinates":[[22.87662,47.947255],[22.856104,47.960303],[22.846492,47.997045],[22.857241,48.029549],[22.836209,48.060297],[22.782207,48.095204],[22.769184,48.109622],[22.70154,48.107012],[22.683143,48.103627],[22.676322,48.104403],[22.582426,48.134013],[22.520155,48.205378],[22.423831,48.243309],[22.350192,48.256047],[22.316705,48.28664],[22.295105,48.327283],[22.27216,48.358005],[22.269473,48.360899],[22.253763,48.407381],[22.231129,48.412136],[22.227098,48.413428],[22.131859,48.405314]]}},{"type":"Feature","properties":{"SCALERANK":1,"FEATURECLA":"International boundary (verify)","NAME":null,"MIN_ZOOM":0,"FCLASS_ISO":null,"FCLASS_US":null,"FCLASS_FR":null,"FCLASS_RU":null,"FCLASS_ES":null,"FCLASS_CN":null,"FCLASS_TW":null,"FCLASS_IN":null,"FCLASS_NP":null,"FCLASS_PK":null,"FCLASS_DE":null,"FCLASS_GB":null,"FCLASS_BR":null,"FCLASS_IL":null,"FCLASS_PS":null,"FCLASS_SA":null,"FCLASS_EG":null,"FCLASS_MA":null,"FCLASS_PT":null,"FCLASS_AR":null,"FCLASS_JP":null,"FCLASS_KO":null,"FCLASS_VN":null,"FCLASS_TR":null,"FCLASS_ID":null,"FCLASS_PL":null,"FCLASS_GR":null,"FCLASS_IT":null,"FCLASS_NL":null,"FCLASS_SE":null,"FCLASS_BD":null,"FCLASS_UA":null,"NE_ID":1746707083,"BRK_A3":null,"FCLASS_TLC":null},"bbox":[22.705105,43.670797,28.585315,44.237791],"geometry":{"type":"LineString","coordinates":[[28.585315,43.74224],[28.423464,43.740483],[28.375199,43.744798],[28.221978,43.772832],[28.049999,43.82239],[27.94892,43.918612],[27.884272,43.987341],[27.738597,43.95631],[27.710795,43.964604],[27.670901,43.99778],[27.561036,44.020052],[27.425334,44.020517],[27.12065,44.146143],[27.086905,44.167408],[26.847747,44.146195],[26.489216,44.083976],[26.215796,44.007288],[25.933435,43.870552],[25.818817,43.766838],[25.686112,43.711751],[25.49708,43.670797],[25.159633,43.686326],[24.808181,43.738416],[24.430581,43.794381],[24.22677,43.763479],[23.950766,43.786656],[23.534564,43.853577],[23.224609,43.873886],[22.919046,43.834456],[22.867679,43.864558],[22.856414,43.899026],[22.8683,43.947886],[22.911294,43.987186],[22.985398,44.017003],[23.024466,44.047234],[23.028497,44.077982],[22.945401,44.127281],[22.775179,44.195236],[22.705105,44.237791]]}},{"type":"Feature","properties":{"SCALERANK":1,"FEATURECLA":"International boundary (verify)","NAME":null,"MIN_ZOOM":0,"FCLASS_ISO":null,"FCLASS_US":null,"FCLASS_FR":null,"FCLASS_RU":null,"FCLASS_ES":null,"FCLASS_CN":null,"FCLASS_TW":null,"FCLASS_IN":null,"FCLASS_NP":null,"FCLASS_PK":null,"FCLASS_DE":null,"FCLASS_GB":null,"FCLASS_BR":null,"FCLASS_IL":null,"FCLASS_PS":null,"FCLASS_SA":null,"FCLASS_EG":null,"FCLASS_MA":null,"FCLASS_PT":null,"FCLASS_AR":null,"FCLASS_JP":null,"FCLASS_KO":null,"FCLASS_VN":null,"FCLASS_TR":null,"FCLASS_ID":null,"FCLASS_PL":null,"FCLASS_GR":null,"FCLASS_IT":null,"FCLASS_NL":null,"FCLASS_SE":null,"FCLASS_BD":null,"FCLASS_UA":null,"NE_ID":1746707089,"BRK_A3":null,"FCLASS_TLC":null},"bbox":[20.241845,44.82667,21.533187,46.108607],"geometry":{"type":"LineString","coordinates":[[20.241845,46.108607],[20.301324,46.050678],[20.358582,45.975489],[20.437957,45.940762],[20.532577,45.899524],[20.581152,45.8695],[20.652724,45.779402],[20.709258,45.735245],[20.727862,45.737415],[20.746879,45.748991],[20.760108,45.758086],[20.774991,45.749818],[20.775817,45.722532],[20.77928,45.661994],[20.765792,45.59745],[20.786049,45.536497],[20.786566,45.51748],[20.77251,45.500117],[20.774164,45.484407],[20.794008,45.467871],[20.870799,45.427563],[20.941802,45.365319],[21.023864,45.321523],[21.099932,45.293541],[21.147888,45.291758],[21.226436,45.241322],[21.381775,45.205096],[21.431488,45.192539],[21.465388,45.171868],[21.490192,45.147891],[21.491846,45.122259],[21.467868,45.109857],[21.434485,45.075156],[21.420739,45.032962],[21.395935,45.022213],[21.37113,45.021387],[21.35294,45.008984],[21.357074,44.990794],[21.377745,44.973431],[21.409991,44.957721],[21.472002,44.942012],[21.533187,44.918861],[21.53236,44.90067],[21.519958,44.880827],[21.442237,44.873385],[21.384359,44.870078],[21.357901,44.86181],[21.360071,44.82667]]}},{"type":"Feature","properties":{"SCALERANK":1,"FEATURECLA":"International boundary (verify)","NAME":null,"MIN_ZOOM":0,"FCLASS_ISO":null,"FCLASS_US":null,"FCLASS_FR":null,"FCLASS_RU":null,"FCLASS_ES":null,"FCLASS_CN":null,"FCLASS_TW":null,"FCLASS_IN":null,"FCLASS_NP":null,"FCLASS_PK":null,"FCLASS_DE":null,"FCLASS_GB":null,"FCLASS_BR":null,"FCLASS_IL":null,"FCLASS_PS":null,"FCLASS_SA":null,"FCLASS_EG":null,"FCLASS_MA":null,"FCLASS_PT":null,"FCLASS_AR":null,"FCLASS_JP":null,"FCLASS_KO":null,"FCLASS_VN":null,"FCLASS_TR":null,"FCLASS_ID":null,"FCLASS_PL":null,"FCLASS_GR":null,"FCLASS_IT":null,"FCLASS_NL":null,"FCLASS_SE":null,"FCLASS_BD":null,"FCLASS_UA":null,"NE_ID":1746707097,"BRK_A3":null,"FCLASS_TLC":null},"bbox":[22.915997,40.726765,26.624866,41.743783],"geometry":{"type":"LineString","coordinates":[[22.915997,41.336289],[23.025603,41.325643],[23.155982,41.322078],[23.239853,41.384968],[23.372041,41.389644],[23.433433,41.398714],[23.535804,41.386053],[23.635178,41.386776],[23.762302,41.412976],[23.880899,41.455945],[23.973503,41.452302],[24.011382,41.460054],[24.03288,41.469097],[24.056031,41.527233],[24.230387,41.530799],[24.289401,41.525037],[24.38676,41.523538],[24.487942,41.555242],[24.518225,41.552554],[24.569281,41.467392],[24.595998,41.442742],[24.651033,41.419953],[24.773713,41.356081],[24.795831,41.372901],[24.846887,41.394218],[24.993545,41.364969],[25.133381,41.315773],[25.251152,41.243529],[25.381945,41.264355],[25.527052,41.299805],[25.621517,41.310089],[25.723939,41.31505],[25.784917,41.330423],[25.923307,41.311897],[26.066347,41.35068],[26.135335,41.385743],[26.155179,41.434887],[26.143604,41.521549],[26.111202,41.60821],[26.076993,41.640198],[26.065986,41.673219],[26.085571,41.704173],[26.107378,41.72567],[26.200603,41.743783],[26.320905,41.716575],[26.410512,41.696318],[26.462499,41.6634],[26.495055,41.633247],[26.544509,41.607228],[26.581355,41.601285],[26.609777,41.512143],[26.624866,41.401763],[26.602387,41.354143],[26.536396,41.343136],[26.330621,41.238775],[26.32566,41.143277],[26.32845,41.097027],[26.332584,41.064315],[26.354082,41.036772],[26.354133,40.997084],[26.331086,40.954503],[26.24122,40.883215],[26.178899,40.826501],[26.109187,40.749658],[26.069758,40.740304],[26.038959,40.726765]]}},{"type":"Feature","properties":{"SCALERANK":1,"FEATURECLA":"International boundary (verify)","NAME":null,"MIN_ZOOM":0,"FCLASS_ISO":null,"FCLASS_US":null,"FCLASS_FR":null,"FCLASS_RU":null,"FCLASS_ES":null,"FCLASS_CN":null,"FCLASS_TW":null,"FCLASS_IN":null,"FCLASS_NP":null,"FCLASS_PK":null,"FCLASS_DE":null,"FCLASS_GB":null,"FCLASS_BR":null,"FCLASS_IL":null,"FCLASS_PS":null,"FCLASS_SA":null,"FCLASS_EG":null,"FCLASS_MA":null,"FCLASS_PT":null,"FCLASS_AR":null,"FCLASS_JP":null,"FCLASS_KO":null,"FCLASS_VN":null,"FCLASS_TR":null,"FCLASS_ID":null,"FCLASS_PL":null,"FCLASS_GR":null,"FCLASS_IT":null,"FCLASS_NL":null,"FCLASS_SE":null,"FCLASS_BD":null,"FCLASS_UA":null,"NE_ID":1746707111,"BRK_A3":null,"FCLASS_TLC":null},"bbox":[19.280715,41.869073,20.063975,42.647966],"geometry":{"type":"LineString","coordinates":[[20.063975,42.547274],[20.045733,42.54991],[19.939073,42.506708],[19.859801,42.486348],[19.788281,42.476167],[19.754484,42.496941],[19.737793,42.525157],[19.740739,42.606909],[19.727819,42.63453],[19.703376,42.647966],[19.654439,42.628587],[19.59744,42.565438],[19.544575,42.491954],[19.465096,42.41537],[19.399571,42.341912],[19.328981,42.249256],[19.280715,42.172568],[19.330841,42.129289],[19.361434,42.069112],[19.352132,42.024024],[19.361123,41.997747],[19.345466,41.918863],[19.342417,41.869073]]}},{"type":"Feature","properties":{"SCALERANK":1,"FEATURECLA":"International boundary (verify)","NAME":null,"MIN_ZOOM":0,"FCLASS_ISO":null,"FCLASS_US":null,"FCLASS_FR":null,"FCLASS_RU":null,"FCLASS_ES":null,"FCLASS_CN":null,"FCLASS_TW":null,"FCLASS_IN":null,"FCLASS_NP":null,"FCLASS_PK":null,"FCLASS_DE":null,"FCLASS_GB":null,"FCLASS_BR":null,"FCLASS_IL":null,"FCLASS_PS":null,"FCLASS_SA":null,"FCLASS_EG":null,"FCLASS_MA":null,"FCLASS_PT":null,"FCLASS_AR":null,"FCLASS_JP":null,"FCLASS_KO":null,"FCLASS_VN":null,"FCLASS_TR":null,"FCLASS_ID":null,"FCLASS_PL":null,"FCLASS_GR":null,"FCLASS_IT":null,"FCLASS_NL":null,"FCLASS_SE":null,"FCLASS_BD":null,"FCLASS_UA":null,"NE_ID":1746707123,"BRK_A3":null,"FCLASS_TLC":null},"bbox":[26.618975,45.450456,28.244354,48.263463],"geometry":{"type":"LineString","coordinates":[[26.618975,48.259845],[26.713801,48.263463],[26.787285,48.255815],[26.900973,48.211114],[26.980762,48.155045],[27.012233,48.1105],[27.080342,48.047662],[27.152069,47.959295],[27.230824,47.841731],[27.248136,47.782252],[27.277953,47.717966],[27.336864,47.639754],[27.44926,47.553118],[27.464815,47.536685],[27.515871,47.47563],[27.614108,47.340547],[27.69617,47.286416],[27.767949,47.227583],[27.802365,47.16831],[27.853835,47.114489],[27.974189,47.043227],[28.071806,46.978425],[28.149941,46.79208],[28.204718,46.7064],[28.239496,46.640823],[28.222598,46.508066],[28.244354,46.451274],[28.199654,46.347559],[28.119194,46.138683],[28.099712,45.972595],[28.113561,45.883039],[28.115525,45.825524],[28.134955,45.788859],[28.156297,45.713076],[28.159811,45.647137],[28.130821,45.628275],[28.090306,45.612746],[28.0747,45.598974],[28.111959,45.569157],[28.16255,45.51376],[28.21247,45.450456]]}},{"type":"Feature","properties":{"SCALERANK":1,"FEATURECLA":"International boundary (verify)","NAME":null,"MIN_ZOOM":0,"FCLASS_ISO":null,"FCLASS_US":null,"FCLASS_FR":null,"FCLASS_RU":null,"FCLASS_ES":null,"FCLASS_CN":null,"FCLASS_TW":null,"FCLASS_IN":null,"FCLASS_NP":null,"FCLASS_PK":null,"FCLASS_DE":null,"FCLASS_GB":null,"FCLASS_BR":null,"FCLASS_IL":null,"FCLASS_PS":null,"FCLASS_SA":null,"FCLASS_EG":null,"FCLASS_MA":null,"FCLASS_PT":null,"FCLASS_AR":null,"FCLASS_JP":null,"FCLASS_KO":null,"FCLASS_VN":null,"FCLASS_TR":null,"FCLASS_ID":null,"FCLASS_PL":null,"FCLASS_GR":null,"FCLASS_IT":null,"FCLASS_NL":null,"FCLASS_SE":null,"FCLASS_BD":null,"FCLASS_UA":null,"NE_ID":1746707131,"BRK_A3":null,"FCLASS_TLC":null},"bbox":[22.87662,47.71776,26.618975,48.259845],"geometry":{"type":"LineString","coordinates":[[22.87662,47.947255],[22.912845,47.964282],[23.0548,48.006553],[23.090767,48.049135],[23.139498,48.087401],[23.202646,48.084507],[23.408163,47.989991],[23.628667,47.99583],[23.669078,47.992316],[23.681997,47.990379],[23.709023,47.982601],[24.001822,47.935782],[24.047349,47.941028],[24.059751,47.944774],[24.177729,47.906068],[24.28196,47.911184],[24.380972,47.93803],[24.484067,47.9471],[24.578893,47.93108],[24.65093,47.87651],[24.837895,47.760858],[24.893344,47.71776],[24.979127,47.724142],[25.07385,47.745716],[25.169658,47.823076],[25.464317,47.910771],[25.689316,47.932475],[25.908682,47.967563],[26.162672,47.992523],[26.236259,48.064353],[26.276929,48.113239],[26.305609,48.203776],[26.442345,48.229976],[26.572415,48.248476],[26.618975,48.259845]]}},{"type":"Feature","properties":{"SCALERANK":1,"FEATURECLA":"International boundary (verify)","NAME":null,"MIN_ZOOM":0,"FCLASS_ISO":null,"FCLASS_US":null,"FCLASS_FR":null,"FCLASS_RU":null,"FCLASS_ES":null,"FCLASS_CN":null,"FCLASS_TW":null,"FCLASS_IN":null,"FCLASS_NP":null,"FCLASS_PK":null,"FCLASS_DE":null,"FCLASS_GB":null,"FCLASS_BR":null,"FCLASS_IL":null,"FCLASS_PS":null,"FCLASS_SA":null,"FCLASS_EG":null,"FCLASS_MA":null,"FCLASS_PT":null,"FCLASS_AR":null,"FCLASS_JP":null,"FCLASS_KO":null,"FCLASS_VN":null,"FCLASS_TR":null,"FCLASS_ID":null,"FCLASS_PL":null,"FCLASS_GR":null,"FCLASS_IT":null,"FCLASS_NL":null,"FCLASS_SE":null,"FCLASS_BD":null,"FCLASS_UA":null,"NE_ID":1746707161,"BRK_A3":null,"FCLASS_TLC":null},"bbox":[22.538656,49.020729,24.105743,51.517915],"geometry":{"type":"LineString","coordinates":[[22.538656,49.072716],[22.579945,49.077186],[22.701281,49.039953],[22.809802,49.020729],[22.839774,49.038893],[22.852073,49.062742],[22.847061,49.081268],[22.760192,49.136226],[22.705622,49.171211],[22.702315,49.192708],[22.721952,49.240948],[22.732442,49.295183],[22.719885,49.35381],[22.660612,49.483672],[22.64945,49.539018],[22.706139,49.606223],[22.890727,49.766265],[22.952222,49.826365],[23.0363,49.899073],[23.264503,50.072861],[23.408628,50.173914],[23.506193,50.229854],[23.648975,50.327032],[23.711762,50.377339],[23.972625,50.41005],[24.004974,50.457024],[24.05262,50.508442],[24.08993,50.530456],[24.094736,50.61704],[24.046316,50.722796],[24.0073,50.760132],[23.978413,50.785583],[23.99712,50.809354],[24.025955,50.816149],[24.061612,50.819534],[24.105743,50.844985],[24.095822,50.872761],[23.985699,50.940431],[23.938105,50.992547],[23.863433,51.126234],[23.712176,51.265114],[23.664427,51.310047],[23.657657,51.352499],[23.679723,51.394899],[23.658846,51.448953],[23.605257,51.517915]]}},{"type":"Feature","properties":{"SCALERANK":1,"FEATURECLA":"International boundary (verify)","NAME":null,"MIN_ZOOM":0,"FCLASS_ISO":null,"FCLASS_US":null,"FCLASS_FR":null,"FCLASS_RU":null,"FCLASS_ES":null,"FCLASS_CN":null,"FCLASS_TW":null,"FCLASS_IN":null,"FCLASS_NP":null,"FCLASS_PK":null,"FCLASS_DE":null,"FCLASS_GB":null,"FCLASS_BR":null,"FCLASS_IL":null,"FCLASS_PS":null,"FCLASS_SA":null,"FCLASS_EG":null,"FCLASS_MA":null,"FCLASS_PT":null,"FCLASS_AR":null,"FCLASS_JP":null,"FCLASS_KO":null,"FCLASS_VN":null,"FCLASS_TR":null,"FCLASS_ID":null,"FCLASS_PL":null,"FCLASS_GR":null,"FCLASS_IT":null,"FCLASS_NL":null,"FCLASS_SE":null,"FCLASS_BD":null,"FCLASS_UA":null,"NE_ID":1746707179,"BRK_A3":null,"FCLASS_TLC":null},"bbox":[20.899789,54.356786,22.831196,55.286652],"geometry":{"type":"LineString","coordinates":[[20.899789,55.286652],[21.075334,55.263242],[21.297594,55.264456],[21.389217,55.275541],[21.447094,55.234407],[21.554685,55.195288],[21.682739,55.160354],[21.873942,55.10072],[22.072379,55.063668],[22.137853,55.059379],[22.346368,55.064236],[22.567284,55.05912],[22.627436,54.970702],[22.736576,54.928844],[22.824685,54.871276],[22.831196,54.838462],[22.709653,54.632609],[22.684435,54.562923],[22.679836,54.493005],[22.724329,54.405594],[22.766239,54.356786]]}},{"type":"Feature","properties":{"SCALERANK":1,"FEATURECLA":"International boundary (verify)","NAME":null,"MIN_ZOOM":0,"FCLASS_ISO":null,"FCLASS_US":null,"FCLASS_FR":null,"FCLASS_RU":null,"FCLASS_ES":null,"FCLASS_CN":null,"FCLASS_TW":null,"FCLASS_IN":null,"FCLASS_NP":null,"FCLASS_PK":null,"FCLASS_DE":null,"FCLASS_GB":null,"FCLASS_BR":null,"FCLASS_IL":null,"FCLASS_PS":null,"FCLASS_SA":null,"FCLASS_EG":null,"FCLASS_MA":null,"FCLASS_PT":null,"FCLASS_AR":null,"FCLASS_JP":null,"FCLASS_KO":null,"FCLASS_VN":null,"FCLASS_TR":null,"FCLASS_ID":null,"FCLASS_PL":null,"FCLASS_GR":null,"FCLASS_IT":null,"FCLASS_NL":null,"FCLASS_SE":null,"FCLASS_BD":null,"FCLASS_UA":null,"NE_ID":1746707187,"BRK_A3":null,"FCLASS_TLC":null},"bbox":[28.147926,52.101084,32.710283,56.14293],"geometry":{"type":"LineString","coordinates":[[31.763364,52.101084],[31.75861,52.125811],[31.690603,52.220637],[31.649882,52.262185],[31.601513,52.284819],[31.577329,52.312311],[31.576502,52.426025],[31.585545,52.532453],[31.615931,52.546199],[31.526169,52.632989],[31.519451,52.698747],[31.563479,52.731459],[31.564823,52.759235],[31.535161,52.798225],[31.442815,52.861838],[31.353001,52.933462],[31.295175,52.989789],[31.258795,53.016713],[31.302927,53.060896],[31.364525,53.138979],[31.3884,53.184816],[31.417855,53.19603],[31.562963,53.202489],[31.668279,53.200913],[31.747448,53.184196],[31.77742,53.146885],[31.849715,53.106216],[32.055439,53.089473],[32.141997,53.091152],[32.250673,53.128385],[32.426269,53.210603],[32.469367,53.270289],[32.578043,53.312405],[32.644447,53.32889],[32.704288,53.336331],[32.710283,53.37142],[32.706459,53.419427],[32.685685,53.448159],[32.469626,53.546964],[32.442392,53.579262],[32.425236,53.61727],[32.45097,53.65334],[32.450144,53.692899],[32.200443,53.78124],[31.992135,53.796872],[31.820828,53.791937],[31.754217,53.810463],[31.783053,53.854956],[31.825272,53.935029],[31.837778,54.000787],[31.825944,54.030708],[31.792044,54.0559],[31.628385,54.111194],[31.403593,54.195943],[31.299103,54.291699],[31.245566,54.391642],[31.184795,54.452956],[31.074827,54.491816],[31.081907,54.517086],[31.154926,54.610956],[31.152135,54.625348],[31.121284,54.648499],[30.984187,54.695887],[30.798875,54.783271],[30.791072,54.806009],[30.804456,54.860941],[30.829932,54.914995],[30.866829,54.940729],[30.977675,55.05049],[30.977675,55.087801],[30.958865,55.137617],[30.877475,55.223451],[30.814481,55.278719],[30.810554,55.30696],[30.820992,55.330266],[30.861817,55.360394],[30.900574,55.397394],[30.908739,55.525345],[30.906879,55.570045],[30.882229,55.5964],[30.855926,55.60751],[30.800735,55.601103],[30.721619,55.622135],[30.662346,55.655492],[30.625604,55.666267],[30.586692,55.70027],[30.47538,55.768793],[30.45626,55.786802],[30.233638,55.845222],[30.042642,55.836437],[29.937015,55.845274],[29.881618,55.832303],[29.823947,55.795096],[29.744159,55.77042],[29.684576,55.769749],[29.630057,55.751171],[29.482263,55.68456],[29.413016,55.724868],[29.353382,55.784373],[29.373174,55.834732],[29.397927,55.88106],[29.396118,55.912195],[29.375034,55.938705],[29.282998,55.96785],[29.087403,56.021129],[29.031748,56.021775],[28.947412,56.002112],[28.79476,55.94258],[28.740809,55.955396],[28.690787,56.002628],[28.636888,56.061746],[28.563973,56.092003],[28.407083,56.089031],[28.392097,56.086706],[28.316339,56.052548],[28.2843,56.055907],[28.147926,56.14293]]}},{"type":"Feature","properties":{"SCALERANK":1,"FEATURECLA":"International boundary (verify)","NAME":null,"MIN_ZOOM":0,"FCLASS_ISO":null,"FCLASS_US":null,"FCLASS_FR":null,"FCLASS_RU":null,"FCLASS_ES":null,"FCLASS_CN":null,"FCLASS_TW":null,"FCLASS_IN":null,"FCLASS_NP":null,"FCLASS_PK":null,"FCLASS_DE":null,"FCLASS_GB":null,"FCLASS_BR":null,"FCLASS_IL":null,"FCLASS_PS":null,"FCLASS_SA":null,"FCLASS_EG":null,"FCLASS_MA":null,"FCLASS_PT":null,"FCLASS_AR":null,"FCLASS_JP":null,"FCLASS_KO":null,"FCLASS_VN":null,"FCLASS_TR":null,"FCLASS_ID":null,"FCLASS_PL":null,"FCLASS_GR":null,"FCLASS_IT":null,"FCLASS_NL":null,"FCLASS_SE":null,"FCLASS_BD":null,"FCLASS_UA":null,"NE_ID":1746707195,"BRK_A3":null,"FCLASS_TLC":null},"bbox":[31.763364,47.091441,40.12828,52.353549],"geometry":{"type":"LineString","coordinates":[[31.763364,52.101084],[31.782381,52.099404],[31.875605,52.070879],[31.97379,52.046643],[32.04159,52.045041],[32.122257,52.050596],[32.216773,52.082971],[32.282815,52.114029],[32.363017,52.272133],[32.391336,52.294844],[32.435468,52.307247],[32.507918,52.308539],[32.645429,52.279083],[32.806504,52.252625],[32.899729,52.256346],[33.148447,52.340423],[33.287095,52.353549],[33.45184,52.333808],[33.61338,52.33262],[33.735233,52.344764],[33.818846,52.315644],[33.922043,52.251462],[34.015319,52.155964],[34.11304,51.979618],[34.397828,51.780406],[34.402686,51.741493],[34.379328,51.716508],[34.239182,51.692246],[34.121153,51.679171],[34.115417,51.644962],[34.146784,51.607961],[34.20089,51.55383],[34.209261,51.484093],[34.206574,51.419937],[34.22988,51.363248],[34.274994,51.340174],[34.280678,51.311675],[34.228381,51.27687],[34.21386,51.255373],[34.234221,51.243798],[34.491053,51.23708],[34.616833,51.203128],[34.712279,51.172226],[34.76039,51.169332],[34.868549,51.189201],[34.990247,51.201733],[35.064093,51.203438],[35.092566,51.180649],[35.115356,51.120833],[35.158092,51.060992],[35.197986,51.043913],[35.269196,51.046755],[35.311933,51.043913],[35.334722,51.021124],[35.309091,50.986914],[35.314775,50.949888],[35.346143,50.904309],[35.383143,50.798915],[35.417353,50.767573],[35.440142,50.727679],[35.440142,50.682101],[35.411617,50.642232],[35.39167,50.610916],[35.411617,50.53968],[35.488511,50.459918],[35.54551,50.439971],[35.591089,50.36876],[35.67372,50.345971],[35.796193,50.405761],[35.890192,50.437128],[36.007756,50.419662],[36.11638,50.408525],[36.18945,50.36783],[36.243401,50.311761],[36.306084,50.280445],[36.368871,50.296827],[36.499819,50.280445],[36.55966,50.234867],[36.61945,50.209235],[36.696396,50.246262],[36.75908,50.29184],[36.988523,50.339563],[37.131202,50.351501],[37.171044,50.36088],[37.254915,50.39496],[37.343178,50.417646],[37.422812,50.411497],[37.501308,50.3407],[37.582337,50.291866],[37.605126,50.21492],[37.70419,50.109061],[37.950273,49.964212],[38.046908,49.920002],[38.112485,49.927831],[38.146799,49.939407],[38.162663,49.954522],[38.177598,50.025371],[38.208655,50.051467],[38.258575,50.052346],[38.451224,49.964082],[38.551993,49.954574],[38.64775,49.952869],[38.776683,49.884346],[38.918379,49.824685],[39.027675,49.818406],[39.114956,49.841764],[39.174798,49.855975],[39.211798,49.833212],[39.246008,49.781949],[39.302955,49.742055],[39.368481,49.73066],[39.462791,49.728024],[39.626553,49.650665],[39.780549,49.572039],[39.876822,49.567672],[39.958523,49.590772],[40.030663,49.59674],[40.080634,49.576845],[40.094897,49.542661],[40.057845,49.497082],[40.057845,49.431557],[40.126213,49.368873],[40.12828,49.307249],[40.108798,49.251542],[40.069989,49.200279],[39.976351,49.129818],[39.889741,49.06406],[39.759465,49.036594],[39.68655,49.007913],[39.705618,48.959596],[39.753367,48.914431],[39.863748,48.877999],[39.989167,48.851437],[40.003584,48.822085],[39.984464,48.807357],[39.904159,48.793766],[39.7929,48.807719],[39.755848,48.782061],[39.704585,48.739351],[39.670426,48.662431],[39.644743,48.591195],[39.765408,48.571868],[39.835636,48.542774],[39.857547,48.48425],[39.882558,48.419112],[39.889793,48.360459],[39.849899,48.331934],[39.847418,48.302788],[39.866332,48.288422],[39.918112,48.281911],[39.957902,48.268914],[39.961003,48.237934],[39.885039,48.168378],[39.813932,48.035285],[39.775795,47.964463],[39.778689,47.887542],[39.735952,47.844806],[39.658489,47.841215],[39.39096,47.833721],[39.158468,47.837416],[39.057802,47.848501],[38.900293,47.855115],[38.822313,47.837029],[38.718908,47.71409],[38.640567,47.665928],[38.510962,47.622416],[38.368852,47.609962],[38.28741,47.559165],[38.25873,47.479531],[38.256508,47.408941],[38.243278,47.373698],[38.212428,47.342795],[38.201369,47.320781],[38.207983,47.296519],[38.241056,47.287708],[38.280744,47.276649],[38.280744,47.259054],[38.265344,47.236962],[38.221213,47.212726],[38.201369,47.17526],[38.205813,47.135573],[38.214391,47.091441]]}},{"type":"Feature","properties":{"SCALERANK":1,"FEATURECLA":"International boundary (verify)","NAME":null,"MIN_ZOOM":0,"FCLASS_ISO":null,"FCLASS_US":null,"FCLASS_FR":null,"FCLASS_RU":null,"FCLASS_ES":null,"FCLASS_CN":null,"FCLASS_TW":null,"FCLASS_IN":null,"FCLASS_NP":null,"FCLASS_PK":null,"FCLASS_DE":null,"FCLASS_GB":null,"FCLASS_BR":null,"FCLASS_IL":null,"FCLASS_PS":null,"FCLASS_SA":null,"FCLASS_EG":null,"FCLASS_MA":null,"FCLASS_PT":null,"FCLASS_AR":null,"FCLASS_JP":null,"FCLASS_KO":null,"FCLASS_VN":null,"FCLASS_TR":null,"FCLASS_ID":null,"FCLASS_PL":null,"FCLASS_GR":null,"FCLASS_IT":null,"FCLASS_NL":null,"FCLASS_SE":null,"FCLASS_BD":null,"FCLASS_UA":null,"NE_ID":1746707219,"BRK_A3":null,"FCLASS_TLC":null},"bbox":[43.439447,39.684658,44.783344,41.107104],"geometry":{"type":"LineString","coordinates":[[43.439447,41.107104],[43.45526,41.064677],[43.517478,41.004836],[43.591686,40.968197],[43.631683,40.929027],[43.696486,40.794125],[43.722634,40.71953],[43.712867,40.647778],[43.667857,40.574061],[43.569362,40.482387],[43.593753,40.444043],[43.615767,40.393323],[43.608429,40.356607],[43.678089,40.239301],[43.70987,40.166489],[43.683308,40.149643],[43.666255,40.126362],[43.791674,40.070242],[43.942052,40.023165],[44.005356,40.014121],[44.178058,40.035748],[44.289214,40.040399],[44.399595,39.99575],[44.560464,39.887591],[44.733838,39.746463],[44.768255,39.70352],[44.783344,39.684658],[44.783344,39.684658]]}},{"type":"Feature","properties":{"SCALERANK":1,"FEATURECLA":"International boundary (verify)","NAME":null,"MIN_ZOOM":0,"FCLASS_ISO":null,"FCLASS_US":null,"FCLASS_FR":null,"FCLASS_RU":null,"FCLASS_ES":null,"FCLASS_CN":null,"FCLASS_TW":null,"FCLASS_IN":null,"FCLASS_NP":null,"FCLASS_PK":null,"FCLASS_DE":null,"FCLASS_GB":null,"FCLASS_BR":null,"FCLASS_IL":null,"FCLASS_PS":null,"FCLASS_SA":null,"FCLASS_EG":null,"FCLASS_MA":null,"FCLASS_PT":null,"FCLASS_AR":null,"FCLASS_JP":null,"FCLASS_KO":null,"FCLASS_VN":null,"FCLASS_TR":null,"FCLASS_ID":null,"FCLASS_PL":null,"FCLASS_GR":null,"FCLASS_IT":null,"FCLASS_NL":null,"FCLASS_SE":null,"FCLASS_BD":null,"FCLASS_UA":null,"NE_ID":1746707317,"BRK_A3":null,"FCLASS_TLC":null},"bbox":[35.892673,35.831457,42.358996,37.297259],"geometry":{"type":"LineString","coordinates":[[35.892673,35.916568],[35.967552,35.910056],[36.127335,35.831457],[36.153587,35.83386],[36.201956,35.937548],[36.248878,35.972688],[36.347529,36.003539],[36.375434,36.171255],[36.421477,36.203449],[36.477081,36.220683],[36.562399,36.223939],[36.636762,36.233964],[36.641464,36.263523],[36.537439,36.457413],[36.546638,36.506351],[36.596867,36.701352],[36.62839,36.777704],[36.658569,36.80256],[36.776598,36.79269],[36.941756,36.758403],[36.985319,36.702411],[37.066193,36.652647],[37.187426,36.655902],[37.327055,36.646601],[37.436351,36.643319],[37.523529,36.67833],[37.720365,36.743701],[37.817981,36.76556],[37.906658,36.794654],[38.191705,36.901546],[38.30591,36.893381],[38.383942,36.879248],[38.443783,36.862246],[38.578038,36.789124],[38.688884,36.715072],[38.766657,36.693135],[38.906494,36.69466],[39.108445,36.680552],[39.356595,36.681586],[39.501445,36.70223],[39.686498,36.738636],[40.0164,36.826047],[40.450379,37.008878],[40.705712,37.09771],[40.815576,37.108175],[40.958875,37.109156],[41.102174,37.085902],[41.264593,37.069314],[41.339575,37.070787],[41.515533,37.089183],[41.74353,37.126106],[41.886829,37.156389],[42.059893,37.20605],[42.167897,37.288629],[42.202675,37.297259],[42.24753,37.282247],[42.268511,37.276588],[42.312849,37.229614],[42.358996,37.108588]]}},{"type":"Feature","properties":{"SCALERANK":1,"FEATURECLA":"International boundary (verify)","NAME":null,"MIN_ZOOM":0,"FCLASS_ISO":null,"FCLASS_US":null,"FCLASS_FR":null,"FCLASS_RU":null,"FCLASS_ES":null,"FCLASS_CN":null,"FCLASS_TW":null,"FCLASS_IN":null,"FCLASS_NP":null,"FCLASS_PK":null,"FCLASS_DE":null,"FCLASS_GB":null,"FCLASS_BR":null,"FCLASS_IL":null,"FCLASS_PS":null,"FCLASS_SA":null,"FCLASS_EG":null,"FCLASS_MA":null,"FCLASS_PT":null,"FCLASS_AR":null,"FCLASS_JP":null,"FCLASS_KO":null,"FCLASS_VN":null,"FCLASS_TR":null,"FCLASS_ID":null,"FCLASS_PL":null,"FCLASS_GR":null,"FCLASS_IT":null,"FCLASS_NL":null,"FCLASS_SE":null,"FCLASS_BD":null,"FCLASS_UA":null,"NE_ID":1746708361,"BRK_A3":null,"FCLASS_TLC":null},"bbox":[27.351954,57.528117,28.151078,59.484276],"geometry":{"type":"LineString","coordinates":[[27.351954,57.528117],[27.354279,57.550286],[27.371797,57.612556],[27.400013,57.666816],[27.491997,57.724952],[27.514734,57.764226],[27.542123,57.799418],[27.752859,57.841018],[27.776941,57.856727],[27.778491,57.87068],[27.768776,57.884142],[27.721957,57.905484],[27.673381,57.934604],[27.64408,58.013927],[27.571113,58.138105],[27.502435,58.221356],[27.487811,58.270087],[27.505536,58.326259],[27.530134,58.381476],[27.531374,58.435245],[27.427039,58.733056],[27.434171,58.787265],[27.464401,58.841318],[27.513081,58.886277],[27.621756,58.944955],[27.757665,59.052003],[27.849494,59.192666],[27.897657,59.277622],[27.938171,59.297001],[28.016461,59.301729],[28.046123,59.327852],[28.061368,59.343251],[28.128289,59.357566],[28.151078,59.374438],[28.132991,59.403093],[28.065812,59.453167],[28.012533,59.484276]]}},{"type":"Feature","properties":{"SCALERANK":1,"FEATURECLA":"International boundary (verify)","NAME":null,"MIN_ZOOM":0,"FCLASS_ISO":null,"FCLASS_US":null,"FCLASS_FR":null,"FCLASS_RU":null,"FCLASS_ES":null,"FCLASS_CN":null,"FCLASS_TW":null,"FCLASS_IN":null,"FCLASS_NP":null,"FCLASS_PK":null,"FCLASS_DE":null,"FCLASS_GB":null,"FCLASS_BR":null,"FCLASS_IL":null,"FCLASS_PS":null,"FCLASS_SA":null,"FCLASS_EG":null,"FCLASS_MA":null,"FCLASS_PT":null,"FCLASS_AR":null,"FCLASS_JP":null,"FCLASS_KO":null,"FCLASS_VN":null,"FCLASS_TR":null,"FCLASS_ID":null,"FCLASS_PL":null,"FCLASS_GR":null,"FCLASS_IT":null,"FCLASS_NL":null,"FCLASS_SE":null,"FCLASS_BD":null,"FCLASS_UA":null,"NE_ID":1746707837,"BRK_A3":null,"FCLASS_TLC":null},"bbox":[19.604364,54.35012,22.766239,54.459157],"geometry":{"type":"LineString","coordinates":[[22.766239,54.356786],[22.731822,54.35012],[22.168497,54.359886],[21.634163,54.376475],[21.14055,54.391822],[20.664713,54.406628],[20.208204,54.420761],[19.924345,54.43399],[19.644207,54.44709],[19.604364,54.459157]]}},{"type":"Feature","properties":{"SCALERANK":1,"FEATURECLA":"International boundary (verify)","NAME":null,"MIN_ZOOM":0,"FCLASS_ISO":null,"FCLASS_US":null,"FCLASS_FR":null,"FCLASS_RU":null,"FCLASS_ES":null,"FCLASS_CN":null,"FCLASS_TW":null,"FCLASS_IN":null,"FCLASS_NP":null,"FCLASS_PK":null,"FCLASS_DE":null,"FCLASS_GB":null,"FCLASS_BR":null,"FCLASS_IL":null,"FCLASS_PS":null,"FCLASS_SA":null,"FCLASS_EG":null,"FCLASS_MA":null,"FCLASS_PT":null,"FCLASS_AR":null,"FCLASS_JP":null,"FCLASS_KO":null,"FCLASS_VN":null,"FCLASS_TR":null,"FCLASS_ID":null,"FCLASS_PL":null,"FCLASS_GR":null,"FCLASS_IT":null,"FCLASS_NL":null,"FCLASS_SE":null,"FCLASS_BD":null,"FCLASS_UA":null,"NE_ID":1746707327,"BRK_A3":null,"FCLASS_TLC":null},"bbox":[44.765154,29.962357,48.546526,37.142436],"geometry":{"type":"LineString","coordinates":[[44.765154,37.142436],[44.765413,37.134995],[44.798434,37.063888],[44.880858,36.79933],[44.927832,36.765922],[44.981472,36.737706],[45.019247,36.69838],[45.033975,36.6589],[45.029428,36.59756],[45.031081,36.526091],[45.053147,36.471624],[45.083791,36.430025],[45.112368,36.409251],[45.155311,36.407365],[45.206574,36.397159],[45.241146,36.355972],[45.350907,36.054647],[45.361655,36.015347],[45.407751,36.00279],[45.483767,36.008552],[45.561643,35.977184],[45.644997,35.92835],[45.723494,35.83665],[45.776307,35.821819],[45.941413,35.835384],[46.167446,35.820553],[46.273383,35.773217],[46.262479,35.744123],[46.180985,35.711386],[46.037376,35.673172],[45.995053,35.608111],[45.971075,35.524189],[45.975416,35.476827],[46.01066,35.424815],[46.112049,35.321669],[46.117733,35.284255],[46.135768,35.232294],[46.154682,35.196741],[46.133753,35.127649],[46.041769,35.080159],[45.920898,35.028508],[45.67807,34.798445],[45.660087,34.748784],[45.661534,34.612668],[45.637452,34.573807],[45.560868,34.574531],[45.50082,34.581585],[45.497719,34.533861],[45.459375,34.470351],[45.43762,34.415135],[45.526865,34.284678],[45.542781,34.215535],[45.528622,34.152541],[45.446043,34.04402],[45.397054,33.970847],[45.408991,33.954517],[45.473276,33.925475],[45.673729,33.686678],[45.738325,33.602833],[45.822816,33.624795],[45.854493,33.623323],[45.879401,33.609758],[45.894698,33.581568],[45.894749,33.545653],[45.8732,33.492013],[45.980997,33.470128],[46.019961,33.415738],[46.145845,33.229652],[46.141091,33.174409],[46.080785,33.086534],[46.080423,33.028217],[46.093032,32.975869],[46.112772,32.957653],[46.298187,32.950237],[46.377046,32.929231],[46.569954,32.833939],[46.789113,32.687979],[46.968534,32.568426],[47.121393,32.466597],[47.285207,32.474013],[47.329804,32.455513],[47.3713,32.423758],[47.418119,32.340093],[47.51186,32.150829],[47.591493,32.087964],[47.714535,31.936449],[47.82998,31.794416],[47.753964,31.601379],[47.679498,31.40059],[47.679498,31.14151],[47.679498,31.002397],[47.836388,30.996455],[48.010641,30.989814],[48.012036,30.823623],[48.013431,30.656424],[48.01493,30.465634],[48.066141,30.457676],[48.147532,30.416826],[48.182362,30.355021],[48.226132,30.321354],[48.278945,30.315798],[48.331035,30.285439],[48.382608,30.230196],[48.401418,30.188339],[48.387569,30.159865],[48.398628,30.109609],[48.434594,30.037624],[48.478519,30.003802],[48.546526,29.962357]]}},{"type":"Feature","properties":{"SCALERANK":1,"FEATURECLA":"International boundary (verify)","NAME":null,"MIN_ZOOM":0,"FCLASS_ISO":null,"FCLASS_US":null,"FCLASS_FR":null,"FCLASS_RU":null,"FCLASS_ES":null,"FCLASS_CN":null,"FCLASS_TW":null,"FCLASS_IN":null,"FCLASS_NP":null,"FCLASS_PK":null,"FCLASS_DE":null,"FCLASS_GB":null,"FCLASS_BR":null,"FCLASS_IL":null,"FCLASS_PS":null,"FCLASS_SA":null,"FCLASS_EG":null,"FCLASS_MA":null,"FCLASS_PT":null,"FCLASS_AR":null,"FCLASS_JP":null,"FCLASS_KO":null,"FCLASS_VN":null,"FCLASS_TR":null,"FCLASS_ID":null,"FCLASS_PL":null,"FCLASS_GR":null,"FCLASS_IT":null,"FCLASS_NL":null,"FCLASS_SE":null,"FCLASS_BD":null,"FCLASS_UA":null,"NE_ID":1746708059,"BRK_A3":null,"FCLASS_TLC":null},"bbox":[7.495595,30.229421,9.518727,36.937203],"geometry":{"type":"LineString","coordinates":[[9.518727,30.229421],[9.457955,30.465376],[9.406072,30.666811],[9.363284,30.832925],[9.28794,31.125336],[9.224016,31.373693],[9.160247,31.621352],[9.102318,31.846144],[9.044027,32.072358],[9.018912,32.105379],[8.844039,32.212117],[8.682912,32.310431],[8.515119,32.422311],[8.333373,32.543595],[8.304227,32.696299],[8.2109,32.926724],[8.112508,33.055321],[8.075611,33.08904],[7.877225,33.17211],[7.762658,33.233114],[7.731342,33.268512],[7.709225,33.362279],[7.627524,33.54865],[7.534352,33.717916],[7.500142,33.832457],[7.495595,33.976531],[7.513888,34.080504],[7.554506,34.124997],[7.748499,34.254499],[7.838313,34.410303],[7.949417,34.468697],[8.045587,34.512674],[8.123463,34.563937],[8.192813,34.646309],[8.245626,34.734056],[8.254721,34.828934],[8.276839,34.979467],[8.312082,35.084629],[8.394248,35.203872],[8.359831,35.299629],[8.316423,35.403111],[8.329032,35.582221],[8.318077,35.65493],[8.282937,35.719267],[8.247022,35.801794],[8.24573,35.870576],[8.280249,36.050978],[8.306708,36.188747],[8.348772,36.367987],[8.333993,36.418165],[8.30278,36.45563],[8.208781,36.495137],[8.207644,36.518934],[8.230743,36.545263],[8.369598,36.632493],[8.444219,36.760754],[8.506696,36.787522],[8.601263,36.833928],[8.597698,36.883899],[8.576562,36.937203]]}},{"type":"Feature","properties":{"SCALERANK":1,"FEATURECLA":"International boundary (verify)","NAME":null,"MIN_ZOOM":0,"FCLASS_ISO":null,"FCLASS_US":null,"FCLASS_FR":null,"FCLASS_RU":null,"FCLASS_ES":null,"FCLASS_CN":null,"FCLASS_TW":null,"FCLASS_IN":null,"FCLASS_NP":null,"FCLASS_PK":null,"FCLASS_DE":null,"FCLASS_GB":null,"FCLASS_BR":null,"FCLASS_IL":null,"FCLASS_PS":null,"FCLASS_SA":null,"FCLASS_EG":null,"FCLASS_MA":null,"FCLASS_PT":null,"FCLASS_AR":null,"FCLASS_JP":null,"FCLASS_KO":null,"FCLASS_VN":null,"FCLASS_TR":null,"FCLASS_ID":null,"FCLASS_PL":null,"FCLASS_GR":null,"FCLASS_IT":null,"FCLASS_NL":null,"FCLASS_SE":null,"FCLASS_BD":null,"FCLASS_UA":null,"NE_ID":1746707951,"BRK_A3":null,"FCLASS_TLC":null},"bbox":[38.77353,33.372201,42.359048,37.108588],"geometry":{"type":"LineString","coordinates":[[42.358996,37.108588],[42.359048,37.094997],[42.350108,37.060581],[42.237298,36.961155],[42.083974,36.826021],[41.974058,36.740807],[41.78854,36.597146],[41.650151,36.566399],[41.416831,36.514645],[41.3542,36.46439],[41.296012,36.383361],[41.261802,36.272463],[41.251725,36.20301],[41.245576,36.073406],[41.300198,35.938969],[41.352649,35.809985],[41.359367,35.72459],[41.354096,35.640409],[41.30335,35.550621],[41.248315,35.427502],[41.216379,35.288182],[41.199584,35.027371],[41.19917,34.805318],[41.194675,34.768989],[41.099021,34.612306],[40.987039,34.429036],[40.935052,34.386584],[40.689486,34.332013],[40.421543,34.197732],[40.121975,34.047638],[39.850002,33.911367],[39.564438,33.768353],[39.268384,33.620015],[39.056717,33.514027],[38.77353,33.372201]]}},{"type":"Feature","properties":{"SCALERANK":1,"FEATURECLA":"International boundary (verify)","NAME":null,"MIN_ZOOM":0,"FCLASS_ISO":null,"FCLASS_US":null,"FCLASS_FR":null,"FCLASS_RU":null,"FCLASS_ES":null,"FCLASS_CN":null,"FCLASS_TW":null,"FCLASS_IN":null,"FCLASS_NP":null,"FCLASS_PK":null,"FCLASS_DE":null,"FCLASS_GB":null,"FCLASS_BR":null,"FCLASS_IL":null,"FCLASS_PS":null,"FCLASS_SA":null,"FCLASS_EG":null,"FCLASS_MA":null,"FCLASS_PT":null,"FCLASS_AR":null,"FCLASS_JP":null,"FCLASS_KO":null,"FCLASS_VN":null,"FCLASS_TR":null,"FCLASS_ID":null,"FCLASS_PL":null,"FCLASS_GR":null,"FCLASS_IT":null,"FCLASS_NL":null,"FCLASS_SE":null,"FCLASS_BD":null,"FCLASS_UA":null,"NE_ID":1746705601,"BRK_A3":null,"FCLASS_TLC":null},"bbox":[5.789704,49.445458,6.344295,49.538269],"geometry":{"type":"LineString","coordinates":[[5.789704,49.538269],[5.823449,49.505066],[5.901377,49.48977],[5.92892,49.477549],[5.959461,49.45463],[6.011396,49.445458],[6.074079,49.45463],[6.119916,49.485197],[6.181049,49.498943],[6.242183,49.494344],[6.277323,49.477549],[6.344295,49.452744]]}},{"type":"Feature","properties":{"SCALERANK":1,"FEATURECLA":"International boundary (verify)","NAME":null,"MIN_ZOOM":0,"FCLASS_ISO":null,"FCLASS_US":null,"FCLASS_FR":null,"FCLASS_RU":null,"FCLASS_ES":null,"FCLASS_CN":null,"FCLASS_TW":null,"FCLASS_IN":null,"FCLASS_NP":null,"FCLASS_PK":null,"FCLASS_DE":null,"FCLASS_GB":null,"FCLASS_BR":null,"FCLASS_IL":null,"FCLASS_PS":null,"FCLASS_SA":null,"FCLASS_EG":null,"FCLASS_MA":null,"FCLASS_PT":null,"FCLASS_AR":null,"FCLASS_JP":null,"FCLASS_KO":null,"FCLASS_VN":null,"FCLASS_TR":null,"FCLASS_ID":null,"FCLASS_PL":null,"FCLASS_GR":null,"FCLASS_IT":null,"FCLASS_NL":null,"FCLASS_SE":null,"FCLASS_BD":null,"FCLASS_UA":null,"NE_ID":1746706169,"BRK_A3":null,"FCLASS_TLC":null},"bbox":[45.478806,40.599538,45.562315,40.664857],"geometry":{"type":"LineString","coordinates":[[45.504437,40.664857],[45.478806,40.64832],[45.478806,40.606979],[45.514359,40.599538],[45.552393,40.616074],[45.562315,40.649147],[45.534203,40.66403],[45.504437,40.664857],[45.504437,40.664857],[45.504437,40.664857],[45.504437,40.664857],[45.504437,40.664857],[45.504437,40.664857],[45.504437,40.664857],[45.504437,40.664857],[45.504437,40.664857],[45.504437,40.664857],[45.504437,40.664857],[45.504437,40.664857],[45.504437,40.664857]]}},{"type":"Feature","properties":{"SCALERANK":1,"FEATURECLA":"International boundary (verify)","NAME":null,"MIN_ZOOM":0,"FCLASS_ISO":null,"FCLASS_US":null,"FCLASS_FR":null,"FCLASS_RU":null,"FCLASS_ES":null,"FCLASS_CN":null,"FCLASS_TW":null,"FCLASS_IN":null,"FCLASS_NP":null,"FCLASS_PK":null,"FCLASS_DE":null,"FCLASS_GB":null,"FCLASS_BR":null,"FCLASS_IL":null,"FCLASS_PS":null,"FCLASS_SA":null,"FCLASS_EG":null,"FCLASS_MA":null,"FCLASS_PT":null,"FCLASS_AR":null,"FCLASS_JP":null,"FCLASS_KO":null,"FCLASS_VN":null,"FCLASS_TR":null,"FCLASS_ID":null,"FCLASS_PL":null,"FCLASS_GR":null,"FCLASS_IT":null,"FCLASS_NL":null,"FCLASS_SE":null,"FCLASS_BD":null,"FCLASS_UA":null,"NE_ID":1746706155,"BRK_A3":null,"FCLASS_TLC":null},"bbox":[44.958889,41.015817,45.028652,41.085606],"geometry":{"type":"LineString","coordinates":[[44.994391,41.085606],[44.961421,41.07925],[44.958889,41.052611],[44.969018,41.027238],[45.002039,41.015817],[45.023588,41.027238],[45.028652,41.053877],[45.021056,41.077984],[44.994391,41.085606],[44.994391,41.085606],[44.994391,41.085606],[44.994391,41.085606],[44.994391,41.085606],[44.994391,41.085606],[44.994391,41.085606],[44.994391,41.085606],[44.994391,41.085606],[44.994391,41.085606],[44.994391,41.085606],[44.994391,41.085606],[44.994391,41.085606]]}},{"type":"Feature","properties":{"SCALERANK":1,"FEATURECLA":"International boundary (verify)","NAME":null,"MIN_ZOOM":0,"FCLASS_ISO":null,"FCLASS_US":null,"FCLASS_FR":null,"FCLASS_RU":null,"FCLASS_ES":null,"FCLASS_CN":null,"FCLASS_TW":null,"FCLASS_IN":null,"FCLASS_NP":null,"FCLASS_PK":null,"FCLASS_DE":null,"FCLASS_GB":null,"FCLASS_BR":null,"FCLASS_IL":null,"FCLASS_PS":null,"FCLASS_SA":null,"FCLASS_EG":null,"FCLASS_MA":null,"FCLASS_PT":null,"FCLASS_AR":null,"FCLASS_JP":null,"FCLASS_KO":null,"FCLASS_VN":null,"FCLASS_TR":null,"FCLASS_ID":null,"FCLASS_PL":null,"FCLASS_GR":null,"FCLASS_IT":null,"FCLASS_NL":null,"FCLASS_SE":null,"FCLASS_BD":null,"FCLASS_UA":null,"NE_ID":1746706379,"BRK_A3":null,"FCLASS_TLC":null},"bbox":[12.396897,43.894091,12.514668,43.98977],"geometry":{"type":"LineString","coordinates":[[12.441081,43.982406],[12.396897,43.934554],[12.426353,43.894091],[12.485264,43.901429],[12.514668,43.952976],[12.503661,43.98977],[12.441081,43.982406],[12.441081,43.982406],[12.441081,43.982406],[12.441081,43.982406],[12.441081,43.982406],[12.441081,43.982406],[12.441081,43.982406],[12.441081,43.982406],[12.441081,43.982406],[12.441081,43.982406],[12.441081,43.982406],[12.441081,43.982406],[12.441081,43.982406]]}},{"type":"Feature","properties":{"SCALERANK":1,"FEATURECLA":"International boundary (verify)","NAME":null,"MIN_ZOOM":0,"FCLASS_ISO":null,"FCLASS_US":null,"FCLASS_FR":null,"FCLASS_RU":null,"FCLASS_ES":null,"FCLASS_CN":null,"FCLASS_TW":null,"FCLASS_IN":null,"FCLASS_NP":null,"FCLASS_PK":null,"FCLASS_DE":null,"FCLASS_GB":null,"FCLASS_BR":null,"FCLASS_IL":null,"FCLASS_PS":null,"FCLASS_SA":null,"FCLASS_EG":null,"FCLASS_MA":null,"FCLASS_PT":null,"FCLASS_AR":null,"FCLASS_JP":null,"FCLASS_KO":null,"FCLASS_VN":null,"FCLASS_TR":null,"FCLASS_ID":null,"FCLASS_PL":null,"FCLASS_GR":null,"FCLASS_IT":null,"FCLASS_NL":null,"FCLASS_SE":null,"FCLASS_BD":null,"FCLASS_UA":null,"NE_ID":1746707141,"BRK_A3":null,"FCLASS_TLC":null},"bbox":[26.618975,45.450456,30.131009,48.477713],"geometry":{"type":"LineString","coordinates":[[26.618975,48.259845],[26.640472,48.294158],[26.847075,48.38715],[26.90056,48.371931],[27.008512,48.368262],[27.228499,48.371415],[27.336967,48.432703],[27.403785,48.41565],[27.458459,48.44309],[27.549254,48.477713],[27.562225,48.470401],[27.573749,48.464897],[27.714412,48.449498],[27.820039,48.41627],[27.890629,48.365214],[27.963389,48.333562],[28.038423,48.321289],[28.080126,48.295812],[28.088498,48.257055],[28.158829,48.237986],[28.291018,48.238555],[28.347138,48.213052],[28.326984,48.161428],[28.340524,48.144452],[28.387549,48.162125],[28.423051,48.146881],[28.442016,48.108692],[28.463049,48.090502],[28.530486,48.150317],[28.601696,48.1444],[28.773779,48.11957],[28.865815,47.995675],[28.923175,47.95113],[28.973353,47.932992],[29.036967,47.952345],[29.092933,47.975418],[29.125385,47.96454],[29.194838,47.882401],[29.211168,47.775017],[29.210755,47.731557],[29.186054,47.65859],[29.150914,47.580869],[29.122957,47.530381],[29.134894,47.489686],[29.159802,47.455657],[29.200575,47.444495],[29.333745,47.375713],[29.383406,47.328042],[29.455701,47.292643],[29.510633,47.290705],[29.539159,47.270991],[29.549339,47.246806],[29.541794,47.185544],[29.510995,47.128028],[29.515026,47.091105],[29.563498,47.047516],[29.568666,46.996718],[29.571973,46.964007],[29.59776,46.938841],[29.719768,46.882927],[29.877846,46.828925],[29.918102,46.782416],[29.942493,46.723763],[29.934742,46.62501],[29.924303,46.538865],[30.131009,46.423084],[30.107496,46.401587],[30.075715,46.377841],[29.878053,46.36022],[29.8379,46.350556],[29.752014,46.437786],[29.706797,46.448741],[29.664577,46.416754],[29.614968,46.398822],[29.555075,46.407762],[29.491048,46.434685],[29.458802,46.453754],[29.432808,46.455976],[29.392863,46.436907],[29.339533,46.445072],[29.304858,46.466621],[29.254576,46.392621],[29.223881,46.376963],[29.204554,46.379366],[29.200833,46.504965],[29.186209,46.523956],[29.146263,46.526902],[29.049938,46.497033],[28.958367,46.458482],[28.927465,46.424118],[28.930565,46.362235],[28.943691,46.288415],[29.006271,46.176484],[28.971906,46.12765],[28.947722,46.049928],[28.849537,45.978641],[28.738742,45.937145],[28.729337,45.851982],[28.667636,45.793846],[28.562319,45.735813],[28.491626,45.665792],[28.509506,45.617836],[28.513743,45.572412],[28.501754,45.541562],[28.499067,45.517739],[28.471368,45.507197],[28.310345,45.498567],[28.264869,45.483865],[28.21247,45.450456]]}},{"type":"Feature","properties":{"SCALERANK":1,"FEATURECLA":"International boundary (verify)","NAME":null,"MIN_ZOOM":0,"FCLASS_ISO":null,"FCLASS_US":null,"FCLASS_FR":null,"FCLASS_RU":null,"FCLASS_ES":null,"FCLASS_CN":null,"FCLASS_TW":null,"FCLASS_IN":null,"FCLASS_NP":null,"FCLASS_PK":null,"FCLASS_DE":null,"FCLASS_GB":null,"FCLASS_BR":null,"FCLASS_IL":null,"FCLASS_PS":null,"FCLASS_SA":null,"FCLASS_EG":null,"FCLASS_MA":null,"FCLASS_PT":null,"FCLASS_AR":null,"FCLASS_JP":null,"FCLASS_KO":null,"FCLASS_VN":null,"FCLASS_TR":null,"FCLASS_ID":null,"FCLASS_PL":null,"FCLASS_GR":null,"FCLASS_IT":null,"FCLASS_NL":null,"FCLASS_SE":null,"FCLASS_BD":null,"FCLASS_UA":null,"NE_ID":1746707169,"BRK_A3":null,"FCLASS_TLC":null},"bbox":[26.59355,55.667507,28.147926,56.145824],"geometry":{"type":"LineString","coordinates":[[28.147926,56.14293],[28.117902,56.145824],[28.032015,56.133292],[27.896313,56.076164],[27.694207,55.941547],[27.642272,55.91173],[27.589458,55.809204],[27.576746,55.798791],[27.45913,55.803493],[27.427091,55.805948],[27.309217,55.803907],[27.05254,55.830546],[26.953063,55.812924],[26.822477,55.70921],[26.771834,55.694017],[26.620215,55.679651],[26.59355,55.667507]]}},{"type":"Feature","properties":{"SCALERANK":1,"FEATURECLA":"International boundary (verify)","NAME":null,"MIN_ZOOM":0,"FCLASS_ISO":null,"FCLASS_US":null,"FCLASS_FR":null,"FCLASS_RU":null,"FCLASS_ES":null,"FCLASS_CN":null,"FCLASS_TW":null,"FCLASS_IN":null,"FCLASS_NP":null,"FCLASS_PK":null,"FCLASS_DE":null,"FCLASS_GB":null,"FCLASS_BR":null,"FCLASS_IL":null,"FCLASS_PS":null,"FCLASS_SA":null,"FCLASS_EG":null,"FCLASS_MA":null,"FCLASS_PT":null,"FCLASS_AR":null,"FCLASS_JP":null,"FCLASS_KO":null,"FCLASS_VN":null,"FCLASS_TR":null,"FCLASS_ID":null,"FCLASS_PL":null,"FCLASS_GR":null,"FCLASS_IT":null,"FCLASS_NL":null,"FCLASS_SE":null,"FCLASS_BD":null,"FCLASS_UA":null,"NE_ID":1746707131,"BRK_A3":null,"FCLASS_TLC":null},"bbox":[28.21247,45.234138,29.705918,45.450456],"geometry":{"type":"LineString","coordinates":[[28.21247,45.450456],[28.317683,45.347129],[28.451266,45.292197],[28.760705,45.234138],[28.7883,45.24096],[28.791349,45.251915],[28.769852,45.266901],[28.766648,45.286228],[28.781737,45.309844],[28.824318,45.311085],[28.894288,45.289949],[29.027407,45.320541],[29.223571,45.402914],[29.403663,45.419657],[29.567684,45.370823],[29.651968,45.313901],[29.705918,45.259899]]}},{"type":"Feature","properties":{"SCALERANK":1,"FEATURECLA":"International boundary (verify)","NAME":null,"MIN_ZOOM":0,"FCLASS_ISO":null,"FCLASS_US":null,"FCLASS_FR":null,"FCLASS_RU":null,"FCLASS_ES":null,"FCLASS_CN":null,"FCLASS_TW":null,"FCLASS_IN":null,"FCLASS_NP":null,"FCLASS_PK":null,"FCLASS_DE":null,"FCLASS_GB":null,"FCLASS_BR":null,"FCLASS_IL":null,"FCLASS_PS":null,"FCLASS_SA":null,"FCLASS_EG":null,"FCLASS_MA":null,"FCLASS_PT":null,"FCLASS_AR":null,"FCLASS_JP":null,"FCLASS_KO":null,"FCLASS_VN":null,"FCLASS_TR":null,"FCLASS_ID":null,"FCLASS_PL":null,"FCLASS_GR":null,"FCLASS_IT":null,"FCLASS_NL":null,"FCLASS_SE":null,"FCLASS_BD":null,"FCLASS_UA":null,"NE_ID":1746707089,"BRK_A3":null,"FCLASS_TLC":null},"bbox":[21.360071,44.237791,22.734354,44.82667],"geometry":{"type":"LineString","coordinates":[[21.360071,44.82667],[21.523162,44.790083],[21.597059,44.755408],[21.636127,44.71045],[21.740203,44.680684],[21.909288,44.666111],[22.026904,44.619861],[22.09305,44.541933],[22.20095,44.560691],[22.350708,44.676136],[22.497676,44.706264],[22.64206,44.65097],[22.720918,44.605521],[22.734354,44.569915],[22.700765,44.555524],[22.620149,44.562345],[22.554004,44.540331],[22.502327,44.489584],[22.494576,44.435428],[22.530646,44.377963],[22.581805,44.338328],[22.647951,44.316468],[22.683298,44.28647],[22.687845,44.248307],[22.705105,44.237791]]}},{"type":"Feature","properties":{"SCALERANK":1,"FEATURECLA":"International boundary (verify)","NAME":null,"MIN_ZOOM":0,"FCLASS_ISO":null,"FCLASS_US":null,"FCLASS_FR":null,"FCLASS_RU":null,"FCLASS_ES":null,"FCLASS_CN":null,"FCLASS_TW":null,"FCLASS_IN":null,"FCLASS_NP":null,"FCLASS_PK":null,"FCLASS_DE":null,"FCLASS_GB":null,"FCLASS_BR":null,"FCLASS_IL":null,"FCLASS_PS":null,"FCLASS_SA":null,"FCLASS_EG":null,"FCLASS_MA":null,"FCLASS_PT":null,"FCLASS_AR":null,"FCLASS_JP":null,"FCLASS_KO":null,"FCLASS_VN":null,"FCLASS_TR":null,"FCLASS_ID":null,"FCLASS_PL":null,"FCLASS_GR":null,"FCLASS_IT":null,"FCLASS_NL":null,"FCLASS_SE":null,"FCLASS_BD":null,"FCLASS_UA":null,"NE_ID":1746706497,"BRK_A3":null,"FCLASS_TLC":null},"bbox":[7.377721,43.73175,7.438699,43.77092],"geometry":{"type":"LineString","coordinates":[[7.438699,43.750456],[7.436942,43.761464],[7.414411,43.77092],[7.394981,43.765339],[7.380098,43.753247],[7.377721,43.73175]]}},{"type":"Feature","properties":{"SCALERANK":1,"FEATURECLA":"International boundary (verify)","NAME":null,"MIN_ZOOM":0,"FCLASS_ISO":null,"FCLASS_US":null,"FCLASS_FR":null,"FCLASS_RU":null,"FCLASS_ES":null,"FCLASS_CN":null,"FCLASS_TW":null,"FCLASS_IN":null,"FCLASS_NP":null,"FCLASS_PK":null,"FCLASS_DE":null,"FCLASS_GB":null,"FCLASS_BR":null,"FCLASS_IL":null,"FCLASS_PS":null,"FCLASS_SA":null,"FCLASS_EG":null,"FCLASS_MA":null,"FCLASS_PT":null,"FCLASS_AR":null,"FCLASS_JP":null,"FCLASS_KO":null,"FCLASS_VN":null,"FCLASS_TR":null,"FCLASS_ID":null,"FCLASS_PL":null,"FCLASS_GR":null,"FCLASS_IT":null,"FCLASS_NL":null,"FCLASS_SE":null,"FCLASS_BD":null,"FCLASS_UA":null,"NE_ID":1746708393,"BRK_A3":null,"FCLASS_TLC":null},"bbox":[12.42749,41.897572,12.439169,41.906202],"geometry":{"type":"LineString","coordinates":[[12.43059,41.905453],[12.438342,41.906202],[12.439169,41.898373],[12.43059,41.897572],[12.42749,41.900724],[12.43059,41.905453],[12.43059,41.905453]]}},{"type":"Feature","properties":{"SCALERANK":1,"FEATURECLA":"International boundary (verify)","NAME":null,"MIN_ZOOM":0,"FCLASS_ISO":null,"FCLASS_US":null,"FCLASS_FR":null,"FCLASS_RU":null,"FCLASS_ES":null,"FCLASS_CN":null,"FCLASS_TW":null,"FCLASS_IN":null,"FCLASS_NP":null,"FCLASS_PK":null,"FCLASS_DE":null,"FCLASS_GB":null,"FCLASS_BR":null,"FCLASS_IL":null,"FCLASS_PS":null,"FCLASS_SA":null,"FCLASS_EG":null,"FCLASS_MA":null,"FCLASS_PT":null,"FCLASS_AR":null,"FCLASS_JP":null,"FCLASS_KO":null,"FCLASS_VN":null,"FCLASS_TR":null,"FCLASS_ID":null,"FCLASS_PL":null,"FCLASS_GR":null,"FCLASS_IT":null,"FCLASS_NL":null,"FCLASS_SE":null,"FCLASS_BD":null,"FCLASS_UA":null,"NE_ID":1746708413,"BRK_A3":null,"FCLASS_TLC":null},"bbox":[-2.219626,32.088998,-1.065537,35.104188],"geometry":{"type":"LineString","coordinates":[[-1.275343,32.088998],[-1.22594,32.107239],[-1.22594,32.164549],[-1.262114,32.271131],[-1.240306,32.337587],[-1.162585,32.39916],[-1.065537,32.468303],[-1.111012,32.552277],[-1.188242,32.608475],[-1.296375,32.67568],[-1.352134,32.703379],[-1.450009,32.784821],[-1.510006,32.877632],[-1.550727,33.073589],[-1.625089,33.18335],[-1.679194,33.318664],[-1.631239,33.566763],[-1.702965,33.716857],[-1.714128,33.781814],[-1.714696,33.858192],[-1.692656,33.990277],[-1.706919,34.176054],[-1.791797,34.367928],[-1.751851,34.433247],[-1.733274,34.467044],[-1.739449,34.496086],[-1.816602,34.55709],[-1.849649,34.607319],[-1.832441,34.654629],[-1.792211,34.723204],[-1.795621,34.751884],[-1.920885,34.835574],[-2.131776,34.970837],[-2.190765,35.0298],[-2.219626,35.104188]]}},{"type":"Feature","properties":{"SCALERANK":1,"FEATURECLA":"Disputed (please verify)","NAME":null,"MIN_ZOOM":0,"FCLASS_ISO":null,"FCLASS_US":"Claim boundary","FCLASS_FR":"Claim boundary","FCLASS_RU":"International boundary (verify)","FCLASS_ES":"Claim boundary","FCLASS_CN":"Admin-1 boundary","FCLASS_TW":"Admin-1 boundary","FCLASS_IN":"Admin-1 boundary","FCLASS_NP":"Admin-1 boundary","FCLASS_PK":"Admin-1 boundary","FCLASS_DE":"Claim boundary","FCLASS_GB":"Admin-1 boundary","FCLASS_BR":"Admin-1 boundary","FCLASS_IL":"Admin-1 boundary","FCLASS_PS":"Admin-1 boundary","FCLASS_SA":"Admin-1 boundary","FCLASS_EG":"Admin-1 boundary","FCLASS_MA":"Claim boundary","FCLASS_PT":"Claim boundary","FCLASS_AR":"Admin-1 boundary","FCLASS_JP":"Claim boundary","FCLASS_KO":"Admin-1 boundary","FCLASS_VN":"Admin-1 boundary","FCLASS_TR":"Admin-1 boundary","FCLASS_ID":"Admin-1 boundary","FCLASS_PL":"Admin-1 boundary","FCLASS_GR":"Admin-1 boundary","FCLASS_IT":"Claim boundary","FCLASS_NL":"Claim boundary","FCLASS_SE":"Claim boundary","FCLASS_BD":"Admin-1 boundary","FCLASS_UA":"Admin-1 boundary","NE_ID":1746708787,"BRK_A3":"B89","FCLASS_TLC":null},"bbox":[33.594141,45.728686,35.001674,46.219573],"geometry":{"type":"LineString","coordinates":[[33.594141,46.09624],[33.654323,46.146222],[33.659965,46.219573],[33.806667,46.208288],[34.02672,46.106725],[34.128283,46.089798],[34.224203,46.101083],[34.353978,46.061586],[34.449898,45.965666],[34.523249,45.97695],[34.686878,45.97695],[34.794084,45.892315],[34.799726,45.790752],[34.946428,45.728686],[35.001674,45.733383]]}},{"type":"Feature","properties":{"SCALERANK":1,"FEATURECLA":"Disputed (please verify)","NAME":null,"MIN_ZOOM":0,"FCLASS_ISO":null,"FCLASS_US":"International boundary (verify)","FCLASS_FR":"International boundary (verify)","FCLASS_RU":"Admin-1 boundary","FCLASS_ES":"International boundary (verify)","FCLASS_CN":"International boundary (verify)","FCLASS_TW":"International boundary (verify)","FCLASS_IN":"International boundary (verify)","FCLASS_NP":"International boundary (verify)","FCLASS_PK":"International boundary (verify)","FCLASS_DE":"International boundary (verify)","FCLASS_GB":"International boundary (verify)","FCLASS_BR":"International boundary (verify)","FCLASS_IL":"International boundary (verify)","FCLASS_PS":"International boundary (verify)","FCLASS_SA":"International boundary (verify)","FCLASS_EG":"International boundary (verify)","FCLASS_MA":null,"FCLASS_PT":"International boundary (verify)","FCLASS_AR":"International boundary (verify)","FCLASS_JP":"International boundary (verify)","FCLASS_KO":"International boundary (verify)","FCLASS_VN":"International boundary (verify)","FCLASS_TR":"International boundary (verify)","FCLASS_ID":"International boundary (verify)","FCLASS_PL":"International boundary (verify)","FCLASS_GR":"International boundary (verify)","FCLASS_IT":"International boundary (verify)","FCLASS_NL":"International boundary (verify)","FCLASS_SE":null,"FCLASS_BD":"International boundary (verify)","FCLASS_UA":"International boundary (verify)","NE_ID":1746708837,"BRK_A3":null,"FCLASS_TLC":null},"bbox":[36.508747,44.95328,36.694439,45.621696],"geometry":{"type":"LineString","coordinates":[[36.694439,45.621696],[36.691021,45.430849],[36.659195,45.346601],[36.61524,45.318424],[36.588709,45.300346],[36.636231,45.260332],[36.616904,45.227584],[36.508747,45.19971],[36.536888,45.132036],[36.597171,45.03053],[36.611903,44.95328]]}},{"type":"Feature","properties":{"SCALERANK":1,"FEATURECLA":"International boundary (verify)","NAME":null,"MIN_ZOOM":0,"FCLASS_ISO":null,"FCLASS_US":null,"FCLASS_FR":null,"FCLASS_RU":null,"FCLASS_ES":null,"FCLASS_CN":null,"FCLASS_TW":null,"FCLASS_IN":null,"FCLASS_NP":null,"FCLASS_PK":null,"FCLASS_DE":null,"FCLASS_GB":null,"FCLASS_BR":null,"FCLASS_IL":null,"FCLASS_PS":null,"FCLASS_SA":null,"FCLASS_EG":null,"FCLASS_MA":null,"FCLASS_PT":null,"FCLASS_AR":null,"FCLASS_JP":null,"FCLASS_KO":null,"FCLASS_VN":null,"FCLASS_TR":null,"FCLASS_ID":null,"FCLASS_PL":null,"FCLASS_GR":null,"FCLASS_IT":null,"FCLASS_NL":null,"FCLASS_SE":null,"FCLASS_BD":null,"FCLASS_UA":null,"NE_ID":1746707149,"BRK_A3":null,"FCLASS_TLC":null},"bbox":[23.175103,51.517915,23.916298,53.939809],"geometry":{"type":"LineString","coordinates":[[23.605257,51.517915],[23.539628,51.618917],[23.544847,51.710229],[23.581331,51.762396],[23.625721,51.809344],[23.607428,51.879779],[23.651094,51.972978],[23.652438,52.04039],[23.633266,52.069587],[23.597971,52.103073],[23.501129,52.140384],[23.458444,52.169529],[23.327135,52.208441],[23.196962,52.256914],[23.175103,52.286602],[23.181252,52.306988],[23.204093,52.337891],[23.303312,52.428376],[23.410902,52.516226],[23.47958,52.551573],[23.844726,52.664228],[23.90126,52.703605],[23.915471,52.770242],[23.916298,52.81874],[23.909373,52.904885],[23.8871,53.027565],[23.859144,53.112107],[23.789225,53.270961],[23.598901,53.599209],[23.484644,53.939809]]}},{"type":"Feature","properties":{"SCALERANK":1,"FEATURECLA":"International boundary (verify)","NAME":null,"MIN_ZOOM":0,"FCLASS_ISO":null,"FCLASS_US":null,"FCLASS_FR":null,"FCLASS_RU":null,"FCLASS_ES":null,"FCLASS_CN":null,"FCLASS_TW":null,"FCLASS_IN":null,"FCLASS_NP":null,"FCLASS_PK":null,"FCLASS_DE":null,"FCLASS_GB":null,"FCLASS_BR":null,"FCLASS_IL":null,"FCLASS_PS":null,"FCLASS_SA":null,"FCLASS_EG":null,"FCLASS_MA":null,"FCLASS_PT":null,"FCLASS_AR":null,"FCLASS_JP":null,"FCLASS_KO":null,"FCLASS_VN":null,"FCLASS_TR":null,"FCLASS_ID":null,"FCLASS_PL":null,"FCLASS_GR":null,"FCLASS_IT":null,"FCLASS_NL":null,"FCLASS_SE":null,"FCLASS_BD":null,"FCLASS_UA":null,"NE_ID":1746707227,"BRK_A3":null,"FCLASS_TLC":null},"bbox":[44.783344,38.398742,48.868728,39.685072],"geometry":{"type":"MultiLineString","coordinates":[[[44.783344,39.684658],[44.817141,39.650422],[44.838173,39.62908],[45.000179,39.423537],[45.071647,39.362895],[45.113092,39.311554],[45.141255,39.254297],[45.190658,39.215643],[45.255925,39.194662],[45.335507,39.139136],[45.389199,39.095909],[45.479633,39.00625],[45.575027,38.972815],[45.92188,38.90791],[46.114426,38.877782],[46.114426,38.877782]],[[46.49063,38.906669],[46.49063,38.906669],[46.554812,38.904396],[46.783171,39.087408],[46.852572,39.148412],[46.988894,39.180193],[47.065479,39.252902],[47.188366,39.340958],[47.338434,39.423899],[47.476152,39.498365],[47.581778,39.543375],[47.772878,39.648588],[47.89225,39.685072],[47.995861,39.683935],[48.151097,39.560531],[48.281735,39.448342],[48.322146,39.399094],[48.257241,39.354962],[48.136008,39.312355],[48.112857,39.281091],[48.104382,39.241093],[48.109136,39.202827],[48.125466,39.171614],[48.274087,39.099112],[48.291037,39.05927],[48.292071,39.018859],[48.275121,38.993615],[48.241996,38.978939],[48.13854,38.95863],[48.05007,38.934988],[48.019323,38.911837],[47.992658,38.884294],[47.996482,38.853753],[48.02325,38.819052],[48.204686,38.724148],[48.225253,38.689215],[48.261272,38.642293],[48.305558,38.613483],[48.381264,38.605628],[48.417438,38.58625],[48.592673,38.411067],[48.635512,38.398742],[48.840358,38.437267],[48.868728,38.43551]]]}}],"type":"FeatureCollection"}